biologicalGender,age,height,weight,alcoholConsumption,beer,softDrink,pizzaSlice
male,46,181,920759,occasionally,1,3,5
male,19,178,719753,regularly,3,1,8
female,20,162,780452,seasoned,3,4,7
female,24,163,667591,regularly,2,3,7
female,43,169,670758,regularly,3,3,6
male,41,180,606232,occasionally,1,5,3
female,28,171,761240,occasionally,2,6,5
male,40,185,998670,regularly,5,3,6
male,31,160,677522,regularly,3,2,4
female,54,174,679551,occasionally,1,4,4
female,45,173,734058,seasoned,4,2,5
male,23,168,641759,regularly,3,3,8
male,29,165,651234,occasionally,1,2,4
male,18,178,649331,occasionally,3,3,5
female,22,169,873149,regularly,2,5,7
male,43,183,680878,regularly,4,3,5
male,40,171,766808,regularly,4,5,6
male,54,174,649728,seasoned,7,3,8
male,25,184,994208,regularly,3,4,8
male,33,169,683297,seasoned,6,3,7
female,39,165,681264,occasionally,2,5,5
male,36,178,778533,regularly,5,4,6
male,52,176,699259,seasoned,6,1,7
male,41,170,814079,occasionally,1,3,5
male,46,167,626625,occasionally,2,3,3
female,33,156,730105,occasionally,2,4,4
female,23,153,591735,occasionally,2,4,7
male,33,164,660549,seasoned,6,1,7
male,26,167,640627,regularly,3,2,7
male,39,179,711994,regularly,3,2,5
female,22,165,577231,regularly,3,3,5
male,27,186,831366,regularly,5,2,4
male,37,189,724656,regularly,5,4,8
female,46,167,617237,occasionally,0,5,5
male,28,184,876494,seasoned,6,1,8
female,49,174,686703,occasionally,1,3,6
male,53,180,764950,occasionally,3,4,4
male,38,182,857416,regularly,3,3,4
male,28,181,730859,occasionally,2,3,4
female,19,156,481308,occasionally,2,5,6
female,44,161,479538,occasionally,1,5,4
male,30,174,560106,occasionally,1,5,4
male,38,184,704240,occasionally,1,4,4
male,33,177,695447,regularly,3,3,4
female,45,163,505333,occasionally,0,4,3
female,35,170,706699,regularly,2,6,5
male,28,180,769201,regularly,5,4,5
female,45,174,755004,seasoned,5,4,6
female,18,156,677345,regularly,2,4,7
male,47,171,678178,seasoned,5,2,6
female,51,155,680701,occasionally,1,6,5
male,34,166,656752,seasoned,6,4,6
male,40,170,735881,occasionally,2,5,4
male,38,172,660401,occasionally,1,3,4
male,44,182,914683,occasionally,1,5,6
male,52,174,615082,occasionally,2,5,4
female,24,168,732503,regularly,2,5,6
male,34,173,686800,occasionally,2,4,4
male,39,175,880350,regularly,4,3,5
male,23,175,713088,regularly,3,2,4
male,26,160,666981,occasionally,3,3,5
male,47,182,815596,occasionally,2,4,4
male,37,175,706820,regularly,5,3,6
male,23,174,795676,occasionally,2,4,5
male,22,179,777577,seasoned,5,1,7
male,54,176,713775,occasionally,2,5,4
female,25,161,479538,regularly,3,4,5
female,23,156,667567,seasoned,4,4,7
male,54,176,703900,regularly,4,3,6
male,41,200,981869,regularly,4,3,6
female,44,154,675625,occasionally,1,7,4
female,29,161,723340,occasionally,1,3,4
female,53,180,828528,occasionally,1,3,4
male,43,169,574498,seasoned,8,2,5
male,23,185,749711,occasionally,1,4,4
female,39,165,666326,occasionally,1,3,4
male,46,173,727852,regularly,5,3,5
male,21,168,611517,occasionally,1,4,4
male,20,179,756455,occasionally,1,4,4
female,33,159,653458,occasionally,1,6,3
female,46,158,538001,regularly,2,4,5
female,52,162,661281,seasoned,5,2,8
female,19,161,589588,regularly,3,5,6
male,53,177,688056,regularly,4,3,4
male,51,171,746549,regularly,6,2,5
male,18,168,726572,occasionally,1,3,5
female,41,160,668184,seasoned,2,2,7
female,19,166,633662,occasionally,1,6,5
female,51,171,649636,occasionally,1,6,5
male,38,184,951488,regularly,7,4,6
female,27,153,542188,regularly,2,5,5
female,52,157,628626,occasionally,0,3,5
male,21,185,668870,regularly,4,4,4
male,30,174,854632,regularly,5,4,7
male,37,175,709111,regularly,4,2,4
female,32,174,635945,regularly,2,6,7
male,30,177,757001,seasoned,7,3,5
male,43,182,913644,occasionally,1,4,5
female,34,162,679688,occasionally,1,5,5
female,46,168,769127,seasoned,4,1,7
female,54,162,647475,occasionally,2,4,4
male,30,180,807300,occasionally,2,5,5
female,53,161,659474,regularly,3,4,4
male,35,178,881935,seasoned,6,2,7
female,41,163,584218,seasoned,2,2,8
female,49,170,778297,regularly,3,2,4
male,52,174,711314,regularly,5,2,6
female,46,173,727964,seasoned,3,4,8
female,45,154,528867,regularly,2,5,6
female,33,162,591925,regularly,2,3,5
female,20,175,872908,occasionally,1,5,5
female,28,164,550462,seasoned,6,2,9
male,25,174,766290,regularly,3,3,4
female,49,165,589655,seasoned,4,1,7
female,32,173,801316,occasionally,0,7,4
female,37,166,739891,occasionally,1,4,5
male,29,176,782841,occasionally,3,4,4
female,23,165,663204,regularly,2,5,5
male,41,169,559992,regularly,7,2,6
female,53,164,716805,seasoned,3,3,9
male,43,180,749267,regularly,5,2,6
female,23,160,489506,regularly,4,1,5
female,20,161,479538,regularly,4,2,5
female,54,174,742769,occasionally,1,4,6
male,54,183,795627,seasoned,6,2,5
male,51,178,798448,occasionally,1,4,4
female,33,161,661408,seasoned,4,3,6
male,43,179,785014,occasionally,3,3,5
female,22,159,573373,regularly,4,2,7
male,21,184,798440,regularly,4,2,7
male,32,186,1040823,regularly,4,3,6
male,52,187,912454,occasionally,2,5,6
male,29,167,683641,occasionally,2,4,4
male,40,179,805515,regularly,4,2,6
male,44,195,1024267,seasoned,7,3,7
male,48,174,773268,seasoned,7,3,5
female,18,159,611937,occasionally,0,5,4
male,25,167,700717,regularly,4,4,8
female,50,162,583715,regularly,3,3,5
male,27,174,741481,occasionally,1,3,4
male,28,182,956793,seasoned,6,1,5
male,23,178,687229,occasionally,1,5,4
female,20,164,602847,occasionally,1,6,5
male,48,176,632862,regularly,4,4,3
female,40,165,717113,occasionally,1,5,5
female,51,163,605150,occasionally,1,5,4
female,21,168,632457,seasoned,5,3,7
female,41,161,655851,regularly,2,5,6
female,27,165,720191,seasoned,5,3,6
female,38,168,681947,occasionally,1,5,4
female,19,164,765788,regularly,2,5,4
male,45,180,716565,occasionally,1,4,6
female,53,159,590896,regularly,3,4,5
female,22,162,485514,occasionally,0,4,4
female,38,157,535211,occasionally,1,6,4
female,52,160,473600,occasionally,1,6,5
male,50,193,826289,seasoned,8,3,7
male,22,192,899836,regularly,2,2,6
male,37,169,602213,regularly,4,3,5
female,49,160,603285,occasionally,1,7,4
female,21,168,860691,regularly,2,6,8
male,33,172,741897,seasoned,6,3,6
male,39,179,818247,occasionally,2,2,7
female,35,167,803130,regularly,2,2,6
female,46,158,596160,regularly,3,3,6
female,42,164,546718,regularly,2,2,6
male,42,183,949062,regularly,4,2,7
female,29,156,503295,regularly,3,3,7
female,52,163,604831,occasionally,1,4,5
female,21,180,744663,occasionally,1,3,5
female,48,151,572504,seasoned,3,3,6
male,50,187,900322,regularly,3,3,7
male,27,174,796692,occasionally,1,3,6
male,54,183,793404,regularly,6,4,4
female,23,162,602608,occasionally,1,6,4
male,52,171,540958,occasionally,3,3,3
male,38,166,576474,regularly,7,1,6
female,43,170,613907,regularly,3,3,6
female,29,161,559096,occasionally,2,6,4
female,34,168,640526,regularly,2,3,6
male,39,176,764194,occasionally,2,5,5
female,21,156,590999,regularly,3,6,8
male,19,184,804638,occasionally,1,4,4
male,22,179,630732,seasoned,5,3,6
female,35,171,759362,occasionally,1,6,5
female,25,159,638871,seasoned,6,2,6
male,38,181,710353,regularly,3,1,7
female,46,167,730592,occasionally,1,3,5
female,50,163,564133,occasionally,1,6,5
male,44,181,708614,regularly,4,4,4
female,40,170,660820,occasionally,1,5,4
male,26,170,765928,regularly,5,3,6
female,25,173,684421,occasionally,1,3,4
female,20,170,647930,regularly,3,4,4
female,50,170,553466,regularly,2,4,6
female,39,169,629827,seasoned,3,2,9
male,50,174,729142,regularly,5,2,7
female,29,163,567130,regularly,3,3,7
female,45,160,542908,occasionally,1,6,4
female,43,164,516984,seasoned,4,2,6
male,25,176,673528,occasionally,2,5,4
male,34,179,592758,occasionally,3,4,4
male,36,180,827048,regularly,6,3,6
male,40,175,787900,regularly,5,4,6
male,50,186,745986,regularly,5,3,6
male,26,181,848831,regularly,3,4,4
female,29,181,738533,occasionally,0,4,5
female,35,165,587652,regularly,3,4,5
male,28,187,664849,regularly,4,3,4
female,18,173,843610,occasionally,1,4,5
female,29,165,687555,regularly,3,2,5
male,32,178,755582,regularly,4,3,5
male,30,178,798175,regularly,4,2,5
male,38,164,705851,occasionally,2,3,5
male,52,186,1033557,seasoned,6,1,7
male,44,180,949558,seasoned,8,1,8
female,29,165,706792,seasoned,4,3,7
male,32,176,806095,regularly,4,4,6
male,52,186,809084,occasionally,2,3,5
male,33,179,872753,regularly,4,4,7
female,52,171,746793,seasoned,4,1,8
male,26,180,881619,regularly,3,3,4
male,25,165,670821,occasionally,1,3,4
male,48,184,748566,occasionally,3,4,5
male,47,166,760803,seasoned,7,1,9
female,37,170,609194,regularly,3,5,5
male,48,180,685504,occasionally,0,5,4
female,39,160,700845,regularly,2,3,6
male,36,181,776119,seasoned,6,3,6
female,40,164,661600,occasionally,1,3,5
male,34,178,817562,occasionally,1,4,4
male,30,180,806806,regularly,4,3,5
male,51,179,736310,occasionally,1,4,4
female,27,167,616215,regularly,3,4,7
female,34,170,611370,seasoned,5,1,6
female,29,164,661015,occasionally,1,3,4
female,33,166,665551,occasionally,2,3,5
female,20,166,713898,regularly,3,2,7
female,28,164,593055,seasoned,5,2,5
male,25,189,748523,regularly,3,3,7
male,43,170,680090,occasionally,3,4,4
female,39,157,605749,regularly,3,4,6
male,30,189,739564,regularly,3,4,5
female,28,160,715542,regularly,4,3,8
female,47,159,642573,regularly,2,5,6
female,38,170,654404,occasionally,1,4,4
male,44,200,784391,seasoned,6,2,4
female,31,154,683744,regularly,3,5,8
male,18,175,798056,occasionally,2,4,5
male,24,188,805270,seasoned,6,2,6
male,45,168,598524,regularly,6,3,4
male,41,178,884971,occasionally,2,3,4
male,23,170,599459,occasionally,1,2,5
male,22,184,836547,regularly,4,2,6
female,33,174,570391,regularly,3,2,5
male,49,183,652726,occasionally,1,5,4
female,34,168,752536,seasoned,5,2,8
male,46,182,684290,occasionally,1,3,5
male,20,161,633309,regularly,4,1,7
female,21,176,744347,regularly,3,3,6
female,52,168,651724,seasoned,5,3,6
female,20,165,661719,seasoned,3,1,6
female,50,167,748662,regularly,2,3,4
male,21,183,889651,seasoned,5,3,8
male,27,178,735013,seasoned,10,1,6
female,44,166,603366,regularly,3,4,6
male,46,177,683935,seasoned,8,2,5
female,32,177,699403,regularly,2,4,5
male,32,182,924157,occasionally,1,3,5
male,18,183,950328,occasionally,2,4,5
female,38,155,544959,seasoned,4,3,4
female,40,159,467698,occasionally,1,6,4
female,30,167,515946,regularly,2,5,4
male,45,175,860190,seasoned,8,2,8
male,45,188,848301,regularly,5,2,5
female,32,169,671873,occasionally,1,5,5
male,52,191,674898,seasoned,7,3,4
male,49,168,800068,regularly,4,2,6
male,39,180,798773,regularly,4,3,5
male,30,176,573056,regularly,4,4,6
female,50,174,673906,occasionally,1,3,4
male,36,181,939197,occasionally,4,4,5
female,18,168,522144,occasionally,1,3,5
female,43,167,633779,regularly,3,5,7
male,32,183,709232,seasoned,8,3,7
male,24,180,748672,regularly,4,3,5
female,19,163,712636,occasionally,1,6,4
male,37,165,704015,seasoned,6,2,6
female,28,169,587984,regularly,3,1,7
female,54,173,616868,regularly,3,2,4
female,46,169,559835,occasionally,1,5,4
male,33,170,625561,occasionally,1,3,5
female,29,168,672234,regularly,3,3,5
female,45,170,582075,regularly,3,2,7
female,54,163,597214,regularly,3,3,5
female,23,165,536505,regularly,3,4,6
female,44,172,638015,seasoned,4,4,8
female,28,167,789094,occasionally,1,6,4
female,32,154,460500,regularly,3,2,5
female,36,156,481961,seasoned,4,3,6
female,42,171,670648,regularly,2,6,5
female,36,163,739548,regularly,2,2,6
male,32,171,970387,seasoned,6,1,8
female,39,166,722394,regularly,2,4,6
male,41,176,713876,seasoned,7,3,7
female,37,153,473933,occasionally,1,6,4
male,37,187,646926,occasionally,3,3,3
female,25,157,495453,occasionally,1,5,4
female,40,168,749316,occasionally,1,3,4
female,40,154,541166,occasionally,1,3,4
female,34,167,515946,seasoned,4,5,7
male,29,175,830166,regularly,5,3,5
male,34,190,874444,seasoned,7,3,6
male,45,178,871915,occasionally,2,5,5
female,31,172,632181,occasionally,1,5,6
male,39,187,1013553,regularly,3,3,5
female,25,161,565112,seasoned,6,2,6
male,47,174,852724,seasoned,7,1,5
female,32,168,987840,seasoned,3,1,7
female,33,166,587481,occasionally,1,4,4
male,50,183,989460,occasionally,2,4,4
male,52,171,593681,regularly,4,2,5
female,19,166,870785,regularly,3,5,6
female,36,161,604254,occasionally,1,3,4
female,44,167,573312,occasionally,0,7,4
female,37,170,708050,regularly,2,5,4
female,40,172,611830,seasoned,3,2,5
female,50,167,680156,occasionally,0,5,4
female,40,176,818685,regularly,3,4,5
male,54,179,703674,occasionally,2,2,4
male,25,178,803252,occasionally,1,3,4
male,18,165,737415,occasionally,2,5,5
male,43,175,830607,occasionally,3,4,4
male,48,179,812164,occasionally,2,2,5
female,21,163,651243,regularly,3,2,6
female,52,167,705113,regularly,2,3,5
female,54,158,569503,occasionally,0,7,3
female,25,167,647923,regularly,4,5,6
male,46,185,807528,occasionally,2,2,6
female,49,167,534409,regularly,3,5,4
female,21,161,570402,occasionally,1,6,5
female,20,164,535426,seasoned,4,2,5
male,47,179,667566,regularly,5,4,6
male,31,174,706190,occasionally,1,4,5
female,29,164,643421,occasionally,2,5,6
female,30,180,903990,regularly,2,3,5
male,34,177,667623,occasionally,1,5,3
female,54,177,737230,regularly,3,3,5
male,53,177,743520,regularly,6,3,5
female,39,161,593586,occasionally,0,5,5
male,37,172,716251,regularly,3,5,3
female,47,165,784758,occasionally,1,7,5
female,33,165,622141,regularly,2,2,4
male,45,186,896454,occasionally,2,4,4
male,20,184,984036,occasionally,1,4,6
male,27,182,664176,regularly,4,2,4
male,44,176,573056,regularly,5,2,4
female,19,157,605587,regularly,2,5,8
female,38,166,595390,occasionally,1,6,4
female,53,170,650487,regularly,3,4,4
male,31,179,748397,regularly,5,4,4
female,51,167,734896,occasionally,1,5,5
female,40,166,737757,seasoned,5,2,7
female,40,160,600281,occasionally,0,6,4
female,23,159,714332,regularly,3,4,5
male,44,175,575311,regularly,5,4,4
female,40,160,620950,regularly,2,2,6
female,51,158,661652,regularly,3,4,7
male,21,182,973484,occasionally,1,4,4
female,21,163,764437,occasionally,1,8,5
female,46,157,593199,occasionally,1,6,5
male,40,173,755159,regularly,4,2,5
male,18,177,759129,occasionally,1,4,4
female,41,160,620401,seasoned,3,4,6
female,54,172,738163,occasionally,0,4,5
male,43,182,714134,seasoned,6,2,7
male,27,174,803309,seasoned,5,2,8
male,35,176,608732,occasionally,1,5,5
female,19,172,760932,seasoned,5,2,10
male,39,188,907022,occasionally,2,3,5
male,27,174,714285,occasionally,1,4,4
female,38,171,943086,occasionally,2,5,5
female,41,153,522180,regularly,4,3,5
female,53,171,540958,occasionally,0,3,4
female,45,166,703291,occasionally,1,4,5
female,27,170,689431,regularly,3,3,5
female,41,167,664232,occasionally,1,6,4
male,54,176,643995,regularly,5,2,6
female,25,162,537434,occasionally,1,5,4
male,40,174,791667,occasionally,2,3,5
male,43,177,652009,regularly,5,4,4
male,23,176,725004,seasoned,5,1,5
female,41,165,657468,regularly,2,5,5
female,26,162,567657,regularly,3,3,5
female,48,156,590936,occasionally,1,5,5
female,34,179,626775,occasionally,1,4,5
female,26,154,493866,occasionally,2,3,5
male,40,184,783843,occasionally,1,3,4
female,45,153,565112,occasionally,1,5,4
female,41,161,703847,seasoned,4,1,8
female,25,163,837226,occasionally,1,7,6
female,46,166,628013,occasionally,0,4,4
female,38,163,692823,regularly,3,5,9
male,24,186,821615,regularly,3,2,7
male,34,181,823398,regularly,5,2,7
male,41,167,744449,occasionally,2,3,5
female,30,162,736318,occasionally,1,2,5
female,35,165,738983,regularly,2,3,8
male,37,174,779553,regularly,6,3,6
male,51,184,765004,regularly,4,1,5
female,26,154,576847,regularly,5,4,6
female,21,166,642895,occasionally,1,3,6
female,30,175,704474,occasionally,1,5,5
female,20,169,528378,seasoned,4,3,8
male,29,179,661672,seasoned,5,2,5
male,37,180,942024,seasoned,10,2,8
male,39,171,596802,regularly,3,3,3
male,44,177,648293,regularly,5,2,4
male,40,179,1008278,seasoned,9,3,9
female,34,169,754936,regularly,2,3,5
female,30,164,678756,seasoned,3,1,6
male,33,186,677106,regularly,4,2,6
female,24,176,806814,seasoned,6,2,9
male,29,171,825030,regularly,5,2,5
male,30,170,793050,occasionally,0,4,4
female,50,159,603296,occasionally,1,6,4
male,46,168,690734,regularly,3,5,5
female,37,161,630687,regularly,2,3,5
female,45,162,666267,regularly,3,4,6
female,52,168,788542,seasoned,4,2,5
female,25,173,591982,regularly,2,5,5
male,20,172,547304,seasoned,6,2,6
female,53,165,645035,occasionally,1,5,4
female,19,155,523313,seasoned,5,3,7
male,24,169,718660,regularly,5,2,6
male,40,179,592758,regularly,6,4,5
male,31,187,853069,regularly,3,3,6
female,38,165,663534,regularly,3,3,6
male,53,174,772663,occasionally,1,4,5
female,47,165,720364,seasoned,4,3,5
male,41,170,802555,occasionally,1,4,5
female,49,163,597187,seasoned,5,2,8
male,46,183,810946,regularly,4,2,5
female,41,163,670558,regularly,2,5,7
female,36,159,557786,regularly,2,2,4
female,47,159,554072,occasionally,1,3,5
female,19,171,673545,occasionally,1,3,5
female,30,170,653143,occasionally,1,5,4
female,28,155,553123,regularly,3,5,5
male,42,167,594088,occasionally,1,4,4
female,51,166,695849,regularly,2,6,6
female,32,164,595084,regularly,2,3,7
female,54,164,664211,regularly,4,3,5
male,45,177,721768,occasionally,2,3,4
female,43,160,752542,regularly,2,4,5
male,51,163,596801,seasoned,8,2,6
male,39,171,686094,regularly,3,3,6
male,45,178,586154,occasionally,2,4,4
male,24,177,688817,occasionally,2,2,5
female,44,159,681246,seasoned,3,1,5
female,36,164,721069,regularly,3,3,6
male,33,160,658267,seasoned,6,3,5
female,50,166,609568,seasoned,3,1,6
male,40,172,597796,occasionally,3,4,6
male,37,178,719435,regularly,6,4,4
male,53,177,738031,occasionally,1,3,4
male,52,179,592758,occasionally,2,4,4
male,49,160,659821,regularly,5,3,8
female,48,160,596144,regularly,3,4,6
female,47,165,693712,seasoned,4,2,7
female,42,164,497576,occasionally,1,3,4
female,34,172,796381,occasionally,1,4,5
female,32,164,742741,occasionally,0,4,6
female,19,159,546637,occasionally,1,5,6
male,52,170,616192,seasoned,8,3,8
female,52,161,581429,regularly,4,4,5
male,30,186,996789,occasionally,2,3,5
male,43,179,860813,regularly,5,3,4
male,49,177,691643,regularly,4,2,5
female,19,159,760169,seasoned,3,2,10
female,54,167,518036,regularly,2,4,6
female,30,167,604369,regularly,2,4,5
female,22,172,742834,seasoned,5,1,9
male,46,183,855107,seasoned,10,4,5
male,52,174,720116,regularly,4,3,6
female,48,167,515946,regularly,2,6,5
female,43,167,598694,occasionally,0,5,5
female,44,162,510738,seasoned,4,3,5
male,38,164,584072,regularly,5,2,6
female,54,172,736338,occasionally,0,3,4
female,30,169,805299,occasionally,1,5,5
male,26,179,806219,seasoned,5,1,9
female,35,162,689422,seasoned,4,2,9
male,41,184,811353,occasionally,1,3,4
male,32,184,982912,occasionally,2,4,4
male,40,166,637245,seasoned,8,1,8
female,53,150,661670,occasionally,0,6,4
male,39,183,853629,regularly,4,2,5
female,38,168,522144,occasionally,0,5,4
female,37,168,644290,occasionally,1,5,4
female,27,162,810405,seasoned,5,2,5
male,46,172,701631,occasionally,3,5,5
female,35,175,658289,seasoned,4,1,7
male,20,184,753182,occasionally,1,3,4
male,52,176,727427,seasoned,6,1,7
female,27,162,544838,regularly,4,2,5
male,23,184,835769,regularly,3,3,6
female,39,153,515791,occasionally,1,5,5
male,32,180,791237,occasionally,2,4,5
male,36,170,657194,seasoned,7,2,5
female,50,166,640191,regularly,2,4,6
female,41,170,820774,regularly,2,3,5
female,39,158,588266,seasoned,4,2,6
female,51,163,631209,occasionally,1,4,5
male,28,181,784281,occasionally,0,3,3
female,52,167,754394,regularly,1,3,7
female,40,163,722460,seasoned,4,3,8
female,40,165,560423,occasionally,0,3,5
female,39,167,561604,seasoned,4,4,6
male,19,166,748520,regularly,5,4,7
male,49,185,765599,occasionally,2,4,4
female,22,167,593964,regularly,4,3,7
female,29,166,676288,occasionally,0,6,4
male,53,172,607153,occasionally,2,4,4
male,43,175,759389,regularly,5,4,7
female,47,150,484790,seasoned,4,4,8
male,23,163,624085,regularly,2,2,8
male,33,175,796588,regularly,3,2,6
female,41,163,652151,occasionally,1,5,5
male,32,182,890613,regularly,3,4,5
female,53,165,673103,occasionally,2,5,4
female,39,165,775080,occasionally,1,4,4
female,37,169,673327,occasionally,1,6,4
male,31,182,809770,regularly,4,3,3
male,27,179,755380,regularly,3,2,5
male,52,174,740331,occasionally,2,4,4
female,32,163,618674,regularly,4,1,6
male,41,171,734183,occasionally,3,2,7
male,39,164,631338,occasionally,3,4,6
male,51,168,554555,occasionally,1,5,4
female,21,165,503662,occasionally,1,2,4
female,20,158,647885,occasionally,1,5,5
female,42,162,550553,regularly,2,4,5
female,36,165,753859,seasoned,5,1,6
male,27,169,752898,regularly,4,4,5
male,50,172,716484,regularly,4,4,8
male,41,178,743913,occasionally,1,4,4
male,34,190,852901,seasoned,6,2,5
female,30,161,604637,regularly,2,5,5
female,53,170,620073,regularly,2,3,5
male,40,177,721194,regularly,6,3,5
male,43,183,797445,regularly,5,2,5
female,44,161,622549,regularly,4,4,5
male,48,182,704030,seasoned,7,4,7
male,39,189,801532,occasionally,2,5,4
female,46,166,686339,regularly,3,2,5
male,34,183,769340,occasionally,2,5,5
female,22,160,682717,seasoned,5,3,10
male,40,179,666204,occasionally,1,2,5
male,50,186,849249,occasionally,4,3,4
male,37,184,698610,occasionally,3,4,5
male,53,176,606282,regularly,6,3,5
female,38,156,681370,regularly,2,6,4
male,29,171,770922,occasionally,1,3,6
male,47,179,743551,regularly,4,4,4
male,29,187,913953,occasionally,1,4,6
male,30,184,904330,seasoned,5,2,8
female,24,165,743852,seasoned,4,2,8
male,42,170,759602,regularly,5,3,5
male,31,182,759463,occasionally,2,4,4
male,30,187,756701,regularly,4,3,5
female,37,165,718967,occasionally,1,6,6
male,43,170,652036,occasionally,2,5,4
female,46,176,573056,seasoned,5,2,6
female,40,161,633129,occasionally,1,4,4
female,23,173,733504,regularly,2,4,6
male,30,168,779201,regularly,5,3,5
male,23,174,585042,seasoned,8,3,7
female,41,169,904618,regularly,2,2,7
male,40,187,790270,occasionally,1,5,5
female,41,168,646448,regularly,3,2,6
male,27,183,695277,regularly,5,3,6
female,34,161,730401,regularly,3,3,8
female,26,170,741594,occasionally,2,4,4
male,36,179,722482,regularly,6,1,5
male,27,180,661116,occasionally,3,2,4
female,52,166,660585,seasoned,4,1,8
male,40,175,696110,seasoned,10,2,4
female,46,179,810945,regularly,2,3,6
female,54,163,491526,regularly,3,3,6
female,27,155,511376,occasionally,1,4,5
male,45,161,521424,occasionally,2,4,4
female,48,164,761840,occasionally,1,4,6
male,27,182,739613,seasoned,5,1,6
male,25,169,548636,seasoned,5,2,5
female,43,171,660115,regularly,2,3,5
male,23,168,745381,occasionally,2,5,4
male,53,170,659152,occasionally,2,6,4
female,19,176,731093,occasionally,0,2,4
female,34,150,592513,occasionally,2,7,4
female,35,161,574108,regularly,1,5,5
female,47,161,547914,regularly,2,4,6
male,37,192,955236,seasoned,8,2,8
female,36,161,616317,occasionally,1,5,4
male,49,173,786044,occasionally,3,3,5
male,50,190,789387,seasoned,8,3,6
female,28,156,492560,occasionally,1,5,4
male,42,185,783771,seasoned,8,2,7
female,20,162,682276,regularly,3,3,6
male,29,181,674409,regularly,5,1,4
male,53,177,986948,seasoned,5,4,7
female,28,163,504452,seasoned,5,3,7
male,52,185,817702,regularly,4,4,6
female,18,163,635491,regularly,2,3,6
female,52,164,647545,regularly,2,4,5
female,32,165,669893,occasionally,1,5,3
male,23,168,735535,occasionally,1,2,5
male,20,179,635909,regularly,5,4,4
male,39,174,560106,seasoned,7,1,5
female,47,175,726040,occasionally,1,5,5
female,51,171,774264,seasoned,3,2,8
female,32,150,631745,seasoned,4,3,8
male,23,181,759810,regularly,4,2,8
female,35,155,577219,occasionally,1,6,5
male,23,174,983152,regularly,4,2,9
female,36,165,561858,occasionally,0,6,4
female,51,165,510757,occasionally,1,5,4
female,30,169,658485,occasionally,2,4,4
female,27,163,491526,regularly,4,5,5
female,41,166,632768,occasionally,2,3,5
female,34,155,549939,occasionally,1,4,3
female,22,160,759524,occasionally,1,9,6
male,47,164,700423,seasoned,9,2,6
male,46,182,913162,seasoned,5,2,8
female,21,164,551722,regularly,4,3,3
female,41,168,560815,seasoned,4,1,6
male,49,178,650325,regularly,5,2,5
male,44,178,703978,occasionally,2,4,5
female,45,172,722153,regularly,2,4,5
female,25,159,626460,occasionally,0,5,4
female,40,156,642881,regularly,3,1,5
female,45,163,655285,regularly,1,4,5
male,53,163,633360,regularly,3,2,5
female,35,159,560526,seasoned,3,3,6
male,34,171,762979,regularly,4,3,7
male,50,179,784376,occasionally,2,5,6
female,38,166,653602,seasoned,3,4,7
female,36,167,759518,seasoned,4,4,7
male,46,190,942651,occasionally,2,3,4
male,45,171,775486,occasionally,3,5,6
male,40,183,693318,regularly,4,4,4
female,43,162,579721,regularly,2,5,6
male,20,184,941696,occasionally,2,5,6
female,24,172,676201,occasionally,0,6,5
male,42,175,867330,seasoned,8,4,7
male,35,175,923695,regularly,5,3,6
female,52,157,520548,regularly,2,3,7
female,31,161,492987,regularly,2,5,5
male,26,161,604960,regularly,3,4,5
female,35,166,672786,seasoned,3,2,7
male,35,181,841085,seasoned,9,3,8
female,33,172,635723,regularly,3,4,7
female,26,166,694347,regularly,4,3,5
male,40,177,712257,regularly,4,4,6
female,39,168,721107,regularly,2,3,7
male,34,177,754981,occasionally,2,4,4
female,35,174,770269,regularly,4,2,4
male,47,172,807396,regularly,4,4,4
male,50,190,782920,regularly,4,3,8
female,36,166,791884,regularly,3,2,6
male,23,180,773680,seasoned,6,4,4
female,28,173,703229,regularly,3,6,5
male,45,181,694668,regularly,3,4,7
male,19,177,652277,seasoned,7,3,8
female,23,169,695848,regularly,4,5,6
female,46,168,659040,seasoned,4,3,7
female,42,159,528012,regularly,2,4,6
female,20,162,601048,seasoned,6,3,6
male,29,187,841657,occasionally,1,4,4
male,19,179,852758,seasoned,6,2,8
male,28,172,721775,occasionally,1,3,4
male,39,185,790038,regularly,5,3,4
male,33,169,749322,occasionally,2,4,4
male,48,174,626973,occasionally,1,3,5
female,32,158,717624,regularly,3,2,4
female,52,155,509783,occasionally,1,3,5
male,26,166,529633,occasionally,1,4,4
female,42,172,787724,seasoned,4,3,7
female,50,158,514317,regularly,2,3,5
female,32,165,567133,occasionally,1,5,4
male,47,182,905448,seasoned,7,1,6
female,19,168,800969,seasoned,3,5,10
male,43,177,719306,occasionally,0,2,5
male,32,188,915384,seasoned,6,2,7
female,46,168,699153,occasionally,1,5,6
male,47,177,670117,occasionally,1,4,4
male,30,161,665243,occasionally,1,4,4
female,37,175,706984,regularly,2,1,6
male,46,181,837764,seasoned,5,3,8
female,32,170,747166,occasionally,1,5,6
male,30,170,650829,regularly,4,3,6
male,54,174,777843,occasionally,1,3,5
female,51,170,698631,regularly,4,3,6
male,48,173,648998,seasoned,6,1,7
female,18,169,745406,occasionally,1,5,7
female,31,153,546977,occasionally,1,5,5
male,21,183,732818,occasionally,2,5,4
male,46,173,685604,regularly,6,3,5
female,42,159,651706,occasionally,2,3,5
male,36,174,560106,occasionally,2,4,3
female,45,154,560058,seasoned,4,2,5
male,36,168,687113,occasionally,1,4,3
female,33,175,804118,regularly,3,4,4
male,18,172,667150,occasionally,1,4,4
female,36,171,621913,occasionally,2,4,3
male,32,168,687649,regularly,3,4,6
male,21,187,930322,occasionally,1,4,5
male,45,185,794905,seasoned,7,3,6
female,29,158,705829,occasionally,1,6,4
female,27,154,468615,regularly,2,3,7
female,30,153,440614,seasoned,6,1,6
female,26,162,602794,regularly,4,4,8
female,30,161,606734,seasoned,3,1,5
male,36,182,971683,regularly,6,2,5
male,21,160,530700,seasoned,6,3,8
male,23,193,841481,occasionally,2,2,5
male,46,181,746072,occasionally,1,4,4
female,34,153,474577,regularly,2,4,5
female,30,170,730163,occasionally,1,4,6
female,41,171,762056,seasoned,6,2,7
male,43,180,802232,occasionally,2,3,3
male,40,172,665621,regularly,6,3,5
female,53,165,510980,occasionally,1,3,4
male,45,182,701905,regularly,5,4,4
male,30,181,693285,seasoned,7,4,6
male,31,175,589039,seasoned,6,1,4
male,46,189,870214,regularly,3,3,5
male,54,167,676142,occasionally,1,5,3
female,51,157,607165,seasoned,4,2,6
male,34,176,786769,regularly,3,3,6
male,38,186,815062,seasoned,7,2,5
male,44,186,978592,regularly,7,1,6
male,31,185,813076,seasoned,7,2,7
female,32,160,597237,occasionally,1,4,4
male,21,175,769908,regularly,5,3,9
male,22,173,583022,regularly,4,2,5
female,22,162,595192,occasionally,1,4,4
male,20,178,759309,seasoned,7,2,7
male,43,183,858748,regularly,5,3,6
male,40,186,831216,seasoned,6,2,6
male,39,181,789752,seasoned,9,2,8
female,30,178,934960,regularly,3,3,8
female,31,159,467698,occasionally,2,4,5
male,25,177,754715,seasoned,5,1,6
male,27,176,643601,regularly,6,5,8
male,21,184,650949,regularly,3,1,6
female,20,164,710614,occasionally,1,4,6
female,32,169,581223,regularly,3,3,6
female,54,168,757685,seasoned,5,3,8
female,28,160,679326,occasionally,1,4,6
female,52,161,614580,regularly,2,3,4
male,34,173,617227,occasionally,1,4,4
female,39,170,700810,occasionally,1,5,3
female,31,171,588972,occasionally,1,5,5
male,49,175,892489,occasionally,1,3,5
female,23,163,729358,regularly,3,2,5
male,50,165,741866,regularly,5,2,4
female,27,169,528378,regularly,3,4,4
female,30,172,730615,regularly,3,5,3
male,27,175,732221,seasoned,6,2,5
male,47,180,803188,regularly,5,1,6
male,35,181,704182,seasoned,4,3,5
male,31,175,729375,regularly,4,4,6
female,21,167,644555,occasionally,1,6,5
female,30,165,644855,occasionally,1,6,4
female,31,174,786555,seasoned,3,4,7
female,23,160,591949,seasoned,4,3,5
female,50,151,493692,occasionally,2,7,4
female,50,154,623937,occasionally,1,5,6
male,42,179,903296,regularly,4,3,6
male,37,185,961213,occasionally,2,4,4
male,29,182,779427,regularly,4,3,5
female,29,162,727406,seasoned,5,1,5
female,37,167,630582,occasionally,2,5,5
female,52,169,652251,regularly,3,3,6
male,24,172,833916,occasionally,2,4,6
female,18,163,505947,occasionally,0,4,4
female,31,159,503033,seasoned,6,3,5
female,33,162,693002,occasionally,1,4,6
female,24,161,624529,regularly,4,4,7
male,30,175,725838,seasoned,4,2,8
female,40,166,789700,regularly,2,3,5
male,46,185,1028965,seasoned,6,2,8
male,49,177,798384,occasionally,2,5,6
female,27,177,812270,regularly,3,4,6
female,20,161,623169,regularly,4,5,5
male,22,180,626780,occasionally,1,5,4
male,25,171,619950,occasionally,2,2,3
male,25,175,697085,occasionally,2,4,6
female,21,169,841388,occasionally,2,4,5
female,39,170,708274,regularly,3,2,5
female,52,170,645307,occasionally,1,4,4
female,45,167,582171,occasionally,1,4,4
female,35,161,559178,regularly,3,4,5
female,37,170,628898,occasionally,1,4,4
female,31,172,778678,occasionally,1,3,6
female,46,168,715378,regularly,3,5,7
male,35,192,814625,regularly,5,1,6
male,44,178,911537,occasionally,3,4,4
female,41,162,722670,occasionally,1,5,4
male,33,174,625788,regularly,5,4,6
male,46,192,835580,regularly,4,4,6
male,33,168,705698,regularly,5,3,6
female,44,176,780649,occasionally,0,3,5
male,30,198,904519,regularly,4,4,4
male,18,182,898501,regularly,3,2,7
male,44,179,664665,regularly,4,2,6
female,38,160,628575,occasionally,1,3,4
female,23,166,726503,regularly,3,3,9
female,22,169,606668,seasoned,4,2,7
female,23,161,517280,occasionally,1,3,5
female,39,167,644714,occasionally,1,5,5
male,21,162,645240,regularly,3,4,8
female,24,162,605286,seasoned,4,2,7
male,33,168,757159,regularly,5,2,7
male,38,178,796076,regularly,6,2,4
male,30,184,756644,occasionally,1,3,4
male,44,174,560106,occasionally,3,4,3
male,52,178,734349,occasionally,2,4,3
female,35,156,452879,occasionally,1,5,3
male,46,178,590619,regularly,5,4,6
male,43,178,854674,regularly,5,2,4
female,35,161,584994,occasionally,1,5,4
male,21,178,900112,occasionally,1,4,5
female,27,163,633325,occasionally,2,4,3
female,25,167,649817,regularly,3,6,6
male,47,188,778186,occasionally,2,3,4
male,54,182,769973,regularly,4,4,7
female,34,165,579137,regularly,2,3,6
female,27,164,700576,regularly,4,6,7
female,39,164,595419,occasionally,1,5,4
female,19,165,590615,seasoned,4,3,5
female,49,172,675892,occasionally,2,4,4
female,18,161,673649,seasoned,4,3,7
male,35,171,864076,occasionally,1,3,4
female,31,174,735851,occasionally,1,3,4
male,20,184,762872,seasoned,6,2,7
female,21,173,724403,regularly,4,3,7
female,52,167,672778,regularly,3,2,4
male,32,182,672846,seasoned,8,3,5
male,36,166,669631,regularly,3,2,4
male,45,187,980093,occasionally,0,2,3
male,47,172,674714,regularly,4,3,7
male,24,178,790543,regularly,3,4,5
female,42,157,495585,regularly,2,5,6
female,33,169,817354,occasionally,2,3,4
male,29,190,888088,regularly,5,4,6
male,54,191,951313,occasionally,3,4,5
male,45,182,960429,occasionally,1,4,5
female,34,168,683144,seasoned,3,3,6
female,31,169,751166,seasoned,5,5,7
female,29,164,705583,regularly,3,2,4
male,47,166,620023,regularly,6,3,6
male,18,176,713689,seasoned,4,2,6
male,31,169,768407,seasoned,6,2,6
female,43,162,549740,occasionally,1,6,5
female,41,175,782690,regularly,2,5,4
male,24,187,833270,occasionally,2,4,5
male,52,177,876083,occasionally,1,4,6
female,54,172,785844,occasionally,1,6,5
female,28,163,839811,regularly,2,4,6
male,25,177,754819,seasoned,5,2,5
male,44,180,849766,seasoned,7,3,7
female,18,174,757241,occasionally,2,4,4
male,54,175,653877,regularly,4,4,6
female,25,155,555572,regularly,5,4,6
female,39,179,806664,occasionally,1,5,6
female,31,161,634910,occasionally,0,6,4
male,27,170,614186,occasionally,2,4,4
male,40,171,657560,regularly,4,1,6
female,23,160,764160,seasoned,3,1,8
female,48,165,612264,regularly,4,3,6
female,38,160,541655,seasoned,3,4,6
female,46,151,508559,regularly,3,2,5
male,26,173,666924,regularly,3,4,5
male,27,188,708848,occasionally,1,4,5
female,18,163,667195,occasionally,1,6,5
female,22,170,809287,seasoned,6,2,8
female,40,157,592225,regularly,3,4,5
female,18,153,572633,occasionally,2,4,6
male,24,177,612369,regularly,3,3,8
female,19,169,672838,regularly,2,4,6
male,18,186,778369,seasoned,6,2,8
male,38,165,532377,occasionally,1,5,4
male,47,179,722419,regularly,6,3,5
female,39,170,747264,occasionally,1,4,3
male,43,182,769597,regularly,4,3,6
male,40,174,797212,regularly,4,4,8
female,38,156,673310,occasionally,1,3,4
female,47,173,702937,seasoned,4,4,5
female,31,160,605676,seasoned,5,2,5
female,50,172,671270,occasionally,1,5,4
male,52,188,854265,occasionally,2,5,5
male,38,179,864936,seasoned,9,2,5
female,49,166,692472,occasionally,1,4,4
male,37,177,712771,seasoned,6,2,6
male,52,186,760189,regularly,5,3,6
male,33,184,806289,regularly,4,2,5
female,49,162,574773,occasionally,0,6,5
male,42,171,620580,occasionally,1,4,3
female,20,154,496242,occasionally,2,4,5
male,43,178,698840,occasionally,2,3,4
male,25,168,766942,seasoned,5,1,6
female,51,160,701616,regularly,3,3,5
female,26,158,511926,regularly,4,5,4
male,47,173,730763,regularly,6,2,6
female,38,166,590542,occasionally,1,4,4
male,38,172,666269,seasoned,7,2,6
male,51,165,717769,occasionally,0,4,6
male,32,170,621458,occasionally,1,4,4
female,23,166,660017,seasoned,4,3,7
male,47,169,835737,regularly,4,4,6
female,25,169,589951,occasionally,2,5,4
male,36,170,554826,occasionally,2,5,4
male,43,185,867706,regularly,5,2,6
male,19,178,812852,occasionally,2,5,5
female,45,163,792599,occasionally,1,8,4
male,32,192,696071,regularly,4,2,6
female,27,162,653093,occasionally,1,5,4
female,24,164,577024,regularly,3,4,5
female,29,161,652760,occasionally,1,3,4
female,51,167,611807,regularly,2,4,5
female,32,158,653968,occasionally,1,6,5
female,24,168,728098,occasionally,1,4,4
female,44,166,533082,regularly,3,3,6
female,27,159,638962,regularly,4,2,7
female,36,160,638888,occasionally,2,3,6
female,23,162,662601,regularly,3,3,6
female,26,159,704463,occasionally,1,5,5
male,22,185,775632,occasionally,0,5,6
female,20,173,782039,regularly,2,5,7
female,51,160,598230,occasionally,1,5,5
male,38,178,811902,occasionally,2,3,4
female,18,181,906927,regularly,2,3,7
female,22,154,539216,occasionally,0,5,4
female,34,162,670911,regularly,2,5,8
female,27,169,641778,regularly,3,5,4
male,36,183,714156,regularly,5,2,6
male,27,175,664979,occasionally,2,4,5
female,40,162,675656,regularly,2,3,4
male,31,178,733819,regularly,4,2,7
female,20,163,754455,occasionally,0,7,5
male,40,187,720120,occasionally,1,5,4
male,37,189,774743,occasionally,2,5,4
female,47,166,568326,occasionally,1,4,4
female,53,176,802910,regularly,2,4,5
male,42,186,993213,regularly,6,3,8
male,23,179,848708,regularly,3,3,7
female,42,168,648854,occasionally,1,5,5
male,40,178,846506,occasionally,2,5,4
male,18,189,794320,occasionally,2,6,5
male,51,177,579586,regularly,5,2,6
female,27,156,548618,regularly,3,2,5
female,42,159,551552,occasionally,1,4,5
male,26,177,640743,regularly,4,3,5
male,24,177,726291,regularly,4,3,7
female,33,161,720805,seasoned,4,1,8
female,50,176,578596,occasionally,2,6,4
male,38,176,849567,regularly,4,4,7
female,37,170,587434,regularly,2,4,4
male,51,175,770928,occasionally,2,3,4
female,21,160,525795,regularly,3,4,5
female,32,161,534956,regularly,2,4,5
male,26,164,738808,regularly,4,3,6
female,21,163,589347,regularly,4,3,6
female,35,165,659019,seasoned,3,1,5
male,44,177,693830,occasionally,3,4,4
male,25,175,582750,seasoned,8,2,5
male,28,196,928899,regularly,3,4,4
female,23,166,735324,regularly,2,5,6
female,32,161,539714,regularly,3,5,5
male,52,182,862995,regularly,3,3,8
male,37,190,811414,occasionally,2,3,4
male,26,170,749336,occasionally,1,3,4
female,25,173,707199,seasoned,5,2,5
male,44,188,1043547,seasoned,6,1,8
female,31,164,660417,occasionally,1,5,4
male,33,175,631646,occasionally,3,3,5
female,54,173,756180,occasionally,1,4,6
male,39,167,700979,regularly,3,2,6
female,31,156,570430,regularly,2,3,6
female,42,165,661701,seasoned,3,1,7
male,40,170,706545,occasionally,2,5,4
female,26,159,587643,regularly,3,2,4
female,29,159,673566,regularly,4,4,6
male,37,184,842374,seasoned,6,1,7
male,20,191,927224,regularly,4,3,6
male,54,169,806118,regularly,3,3,6
female,26,166,700000,occasionally,1,5,6
female,30,166,658848,occasionally,1,4,4
female,52,168,546346,regularly,4,3,5
female,50,176,706968,occasionally,2,3,5
female,40,171,727683,occasionally,1,6,5
female,40,174,764821,occasionally,1,5,5
female,49,173,598252,occasionally,1,5,4
female,42,165,707406,regularly,4,3,7
female,37,163,726735,occasionally,1,5,5
male,38,190,884039,seasoned,6,1,8
female,31,162,629974,regularly,2,5,5
female,46,164,497576,seasoned,4,3,5
male,26,175,845248,seasoned,6,2,6
female,54,158,554411,regularly,3,3,5
female,48,157,763149,regularly,2,3,6
female,18,168,745219,occasionally,2,6,5
female,27,171,540958,regularly,3,3,6
male,48,186,885612,seasoned,9,2,6
male,30,180,759269,occasionally,0,3,4
female,51,154,570575,occasionally,2,5,3
female,54,164,665376,regularly,2,3,7
female,27,167,586414,occasionally,2,6,4
female,28,161,609136,occasionally,1,4,4
female,44,159,657822,regularly,3,4,6
female,44,155,634981,regularly,4,2,5
female,49,162,524354,regularly,3,4,5
male,25,169,748969,regularly,2,1,4
female,36,161,592125,seasoned,4,4,7
male,54,180,877948,seasoned,6,3,8
male,50,177,607482,seasoned,5,2,5
female,46,162,579984,regularly,3,4,5
female,40,163,658395,occasionally,1,4,6
female,47,173,758248,occasionally,0,4,4
female,37,164,692438,occasionally,1,6,6
female,42,165,639530,seasoned,4,5,7
male,50,185,859314,regularly,4,2,4
male,37,164,744089,occasionally,2,3,4
male,21,173,751212,seasoned,4,4,9
female,39,164,573975,occasionally,1,5,5
male,29,184,926444,occasionally,1,3,4
male,25,190,879932,regularly,5,4,5
male,48,176,783085,seasoned,6,1,7
female,39,170,738385,seasoned,5,3,10
male,50,164,809044,occasionally,3,3,4
male,42,179,758552,regularly,4,4,5
female,44,174,568635,occasionally,1,3,5
male,24,175,802999,occasionally,2,3,6
male,51,176,764479,regularly,6,4,4
male,19,188,653864,occasionally,2,6,4
male,39,163,640176,occasionally,2,4,6
female,40,156,678624,occasionally,1,6,6
male,35,180,827058,regularly,4,2,6
female,22,164,624952,occasionally,0,6,4
female,26,164,665518,regularly,3,1,6
female,52,171,875692,occasionally,1,6,4
male,22,181,842478,occasionally,2,4,5
female,51,161,488052,regularly,2,3,5
female,25,169,749386,seasoned,5,2,7
male,36,194,820415,regularly,4,2,4
female,18,166,588762,regularly,2,5,5
male,49,183,789847,regularly,3,4,5
female,27,170,878931,occasionally,1,4,5
female,43,154,475170,occasionally,1,5,4
male,36,186,879704,seasoned,5,3,6
female,25,162,565273,seasoned,5,2,7
male,26,169,627208,regularly,5,3,8
female,43,162,612402,occasionally,0,3,4
male,42,180,783792,occasionally,1,4,5
male,19,186,900568,seasoned,7,2,9
male,42,188,796269,seasoned,5,3,6
female,39,159,699234,seasoned,4,3,8
female,45,170,759761,occasionally,1,4,3
male,43,160,602292,regularly,6,2,5
female,51,160,475985,seasoned,5,1,7
male,20,184,803727,occasionally,2,6,5
female,47,171,816377,regularly,1,3,5
female,51,168,598459,regularly,3,3,6
male,29,184,853790,occasionally,1,4,5
male,25,167,633112,regularly,3,2,5
male,44,166,553305,occasionally,1,5,5
female,51,150,559156,regularly,3,3,6
male,42,176,655123,regularly,5,4,3
male,18,168,692398,occasionally,1,4,5
female,53,158,571320,occasionally,0,6,5
female,46,155,722218,occasionally,1,4,6
male,53,163,621321,seasoned,6,2,7
female,43,158,461834,regularly,3,3,5
female,20,172,764638,seasoned,4,3,7
male,46,182,987533,seasoned,7,2,5
female,33,162,626801,occasionally,1,5,5
female,37,168,851300,seasoned,3,4,9
male,47,175,810525,regularly,7,2,6
female,38,162,640539,regularly,3,4,5
male,47,182,686214,occasionally,1,4,4
male,37,177,678745,occasionally,3,3,4
female,48,158,596029,seasoned,4,3,7
female,36,170,595159,regularly,3,3,6
male,25,180,683523,occasionally,1,2,5
male,45,188,958949,seasoned,7,2,6
female,35,162,771694,occasionally,1,5,5
female,34,163,612248,regularly,2,4,6
female,26,170,863408,regularly,3,4,4
male,25,166,701052,occasionally,1,3,4
male,19,183,693465,occasionally,1,3,5
male,50,179,787102,seasoned,8,2,6
male,49,177,761926,regularly,4,2,6
female,29,162,584050,regularly,2,4,7
male,32,189,922041,regularly,4,3,7
female,45,155,570608,occasionally,1,5,4
female,23,160,766301,occasionally,0,6,6
male,22,180,832629,seasoned,7,3,8
male,40,174,660180,regularly,5,3,6
female,50,163,672229,occasionally,0,5,4
male,22,175,833568,regularly,4,2,6
male,49,193,980053,regularly,6,3,5
female,46,164,774534,regularly,3,6,4
female,36,168,678985,regularly,2,4,5
female,20,159,467698,occasionally,2,5,4
male,40,179,752616,occasionally,3,4,4
female,32,160,593385,occasionally,1,4,4
female,44,169,647036,occasionally,1,5,4
female,29,162,518983,regularly,4,4,4
male,35,178,815056,occasionally,2,4,5
male,44,176,825151,regularly,3,5,6
female,33,166,774590,regularly,2,3,5
male,27,177,924036,regularly,4,3,7
male,40,182,765666,seasoned,8,2,6
female,27,169,643728,regularly,3,4,8
female,40,164,643568,regularly,2,3,5
female,39,161,635447,occasionally,1,5,4
male,51,186,811116,occasionally,2,4,4
female,32,162,511951,occasionally,1,6,3
male,49,182,718615,regularly,4,3,4
female,19,162,627268,occasionally,1,6,4
female,53,167,561920,occasionally,1,5,4
male,37,185,845353,seasoned,8,2,6
female,40,159,501172,occasionally,1,3,3
male,21,181,799485,regularly,4,3,7
female,43,154,619993,seasoned,3,2,7
female,30,165,671032,occasionally,1,4,5
female,53,159,670692,occasionally,1,4,5
female,46,156,632488,regularly,2,6,7
female,41,159,467698,occasionally,2,5,4
male,30,177,716223,occasionally,1,4,5
male,52,181,705714,seasoned,8,2,6
female,40,172,547304,seasoned,3,2,6
female,30,160,597222,occasionally,0,6,5
female,54,178,586154,regularly,2,4,5
female,43,166,608856,seasoned,5,3,7
male,36,184,626336,regularly,5,4,4
female,31,161,606533,seasoned,5,2,7
male,18,180,627526,regularly,3,3,7
female,29,156,579010,occasionally,1,5,5
male,45,182,629521,occasionally,1,3,5
male,51,183,698151,seasoned,8,3,6
female,22,159,569515,regularly,3,3,6
female,32,163,629886,occasionally,1,5,4
male,46,178,785645,regularly,5,5,5
female,53,157,481343,occasionally,1,6,5
female,20,160,714208,regularly,2,4,6
female,47,165,715783,seasoned,4,2,6
male,35,170,803924,regularly,4,3,6
female,39,172,827713,regularly,2,3,7
female,28,154,603372,occasionally,1,5,5
male,37,181,918104,occasionally,1,3,5
female,46,167,790055,regularly,3,3,7
female,35,165,585465,regularly,3,5,6
male,50,181,955287,seasoned,8,2,8
female,18,173,599376,occasionally,1,4,5
female,54,167,711179,regularly,4,3,7
female,43,161,597525,occasionally,2,4,5
female,26,160,665884,occasionally,1,3,6
female,49,165,516022,occasionally,1,3,4
male,22,172,812932,occasionally,1,3,5
male,30,167,543537,seasoned,6,1,7
male,36,179,751532,regularly,6,3,6
male,24,183,784690,regularly,2,3,6
female,49,166,723563,occasionally,1,5,5
female,42,170,688385,regularly,2,3,5
female,53,160,621723,occasionally,1,4,4
male,38,176,573056,seasoned,8,1,7
male,18,176,674385,seasoned,6,3,6
male,36,173,720538,occasionally,1,4,4
female,37,174,660013,seasoned,5,2,7
female,41,174,689834,seasoned,5,2,7
male,29,177,848975,seasoned,5,2,6
female,25,163,637119,regularly,2,4,6
male,38,187,853137,seasoned,9,2,6
female,39,169,777545,seasoned,4,1,9
male,41,190,935819,regularly,4,2,6
female,51,157,501839,occasionally,1,5,6
female,53,160,726508,regularly,2,5,5
female,51,166,643994,occasionally,2,7,5
female,31,167,655735,regularly,3,4,6
male,25,174,725543,regularly,4,2,5
male,54,179,788408,occasionally,2,4,4
male,47,181,737164,regularly,3,2,4
female,49,160,669761,regularly,3,4,7
female,42,160,659833,occasionally,2,5,4
male,24,186,923848,occasionally,1,3,4
male,18,187,837031,occasionally,2,5,4
female,47,167,558917,regularly,4,4,6
male,34,169,609577,regularly,3,3,6
female,48,173,776365,occasionally,2,6,7
male,32,184,787039,regularly,3,3,5
male,47,185,763712,seasoned,6,1,8
female,45,165,596551,occasionally,0,4,5
female,18,175,711138,regularly,2,3,5
male,24,175,614016,regularly,4,2,5
male,22,183,768858,occasionally,2,5,5
female,32,167,846693,regularly,2,3,8
female,45,169,765879,regularly,2,4,4
male,33,168,610111,seasoned,6,1,5
female,20,168,640558,seasoned,4,3,9
male,48,179,660903,occasionally,1,3,3
female,42,165,670550,occasionally,1,5,5
male,18,179,756556,occasionally,1,4,5
female,50,164,585195,regularly,3,3,5
male,27,168,685806,seasoned,7,2,8
male,31,172,622600,occasionally,2,3,3
male,45,176,728763,occasionally,1,2,5
female,20,174,720615,regularly,4,4,7
male,26,182,804688,regularly,4,4,6
female,40,179,692110,occasionally,1,5,4
male,51,173,735802,occasionally,1,4,3
female,54,157,608244,occasionally,0,5,4
female,36,168,705303,regularly,3,3,6
male,41,187,1021668,occasionally,1,4,5
female,43,175,707768,occasionally,1,2,5
female,28,167,721552,regularly,4,3,5
male,36,181,900533,occasionally,1,4,4
male,19,177,652829,occasionally,1,3,6
male,21,165,668087,regularly,3,3,4
female,53,168,817784,seasoned,3,3,7
female,48,162,608665,occasionally,1,4,5
female,38,165,590176,regularly,2,4,6
male,26,175,805393,seasoned,6,1,7
female,27,156,450216,regularly,4,3,5
male,52,169,735986,regularly,5,3,4
female,29,161,503147,occasionally,1,4,5
female,20,165,517690,occasionally,1,7,4
female,39,167,620043,occasionally,1,5,5
male,24,176,722566,occasionally,1,4,4
female,42,165,664192,regularly,2,4,5
female,53,161,584387,regularly,2,4,5
male,50,200,1021639,regularly,6,2,5
female,51,152,592989,regularly,3,4,7
female,27,171,765899,regularly,2,3,5
male,25,180,848858,regularly,5,3,6
male,53,177,714275,regularly,6,5,5
male,41,172,616122,occasionally,3,4,6
female,36,170,843647,regularly,3,4,7
male,18,168,854786,occasionally,0,3,7
male,49,175,862694,regularly,5,5,4
male,19,174,560106,regularly,3,3,5
male,28,185,728663,seasoned,6,3,6
female,41,157,666141,regularly,3,4,4
female,33,162,655284,regularly,2,4,4
male,26,178,586154,occasionally,2,3,3
female,19,164,697882,seasoned,5,2,8
female,54,164,627491,seasoned,5,2,5
female,35,169,661449,regularly,3,3,7
female,19,160,561327,seasoned,3,3,4
male,42,184,773977,occasionally,2,3,4
female,53,175,705811,occasionally,1,4,4
male,34,176,711641,regularly,4,2,5
female,54,162,485514,occasionally,1,5,4
male,31,174,765442,regularly,4,2,7
female,23,177,778428,occasionally,2,4,5
female,40,165,594723,regularly,4,3,4
female,33,172,719559,seasoned,3,2,9
female,31,173,681460,regularly,2,6,5
female,45,158,646123,regularly,2,4,4
male,48,182,920114,seasoned,8,3,7
female,44,170,545920,seasoned,4,1,5
male,49,184,998553,occasionally,1,4,4
male,41,173,591620,occasionally,3,6,4
male,49,176,668511,seasoned,7,3,5
female,43,150,521916,occasionally,1,4,5
male,18,188,878896,occasionally,1,4,4
female,24,166,633855,occasionally,2,7,4
female,53,168,579008,occasionally,2,3,4
male,28,177,694223,occasionally,0,4,4
female,28,172,569940,occasionally,1,4,3
female,20,168,599710,seasoned,6,1,6
male,33,171,685930,seasoned,5,2,6
female,34,160,576724,seasoned,3,4,6
male,39,174,560106,seasoned,11,1,4
male,45,172,790136,seasoned,5,2,9
female,25,169,757973,regularly,3,2,8
male,21,177,781853,occasionally,2,4,4
female,30,159,630128,occasionally,1,7,3
female,45,160,668736,occasionally,1,5,5
female,43,167,653840,seasoned,4,3,6
male,19,174,614670,occasionally,1,4,6
male,38,186,820070,occasionally,2,4,4
female,46,160,700770,occasionally,1,3,4
male,37,166,748472,regularly,4,2,8
female,52,168,533588,occasionally,0,5,5
female,29,169,607925,occasionally,1,5,4
male,46,173,788441,occasionally,2,4,5
male,25,176,747872,occasionally,1,3,4
female,19,169,706683,seasoned,5,3,7
female,37,165,603447,seasoned,4,2,7
female,48,156,693955,seasoned,3,4,8
male,50,168,674387,regularly,4,1,6
male,40,185,1139814,regularly,5,4,5
male,18,168,696385,regularly,3,5,6
male,45,189,815667,seasoned,8,2,7
female,23,176,753136,regularly,2,4,5
female,18,164,819626,occasionally,1,6,8
female,41,171,605332,occasionally,0,4,5
female,53,175,717177,regularly,2,4,4
male,45,171,730667,occasionally,3,5,4
female,53,166,742462,occasionally,1,4,6
male,35,173,908720,occasionally,2,4,5
female,39,171,717398,regularly,3,2,5
male,51,182,892120,occasionally,3,2,5
female,48,162,801279,occasionally,2,3,5
male,38,181,767518,regularly,6,2,4
male,22,177,698491,occasionally,1,5,5
female,18,168,671556,regularly,3,3,7
male,21,167,569786,seasoned,9,2,7
male,22,182,733811,regularly,4,1,6
male,20,177,716462,seasoned,5,2,6
female,25,150,599620,regularly,3,3,5
male,28,196,1119324,regularly,5,2,5
male,26,175,647996,seasoned,8,3,5
female,25,172,547304,regularly,3,2,6
male,22,184,747082,seasoned,5,1,7
female,51,168,632555,regularly,3,4,6
female,31,164,639150,regularly,1,4,5
male,53,190,667850,occasionally,2,5,5
female,21,162,677967,seasoned,5,1,10
male,18,179,652072,seasoned,5,2,6
female,34,157,463676,occasionally,1,6,3
female,29,161,620649,seasoned,7,2,7
male,46,172,848318,occasionally,1,2,5
male,36,178,730788,regularly,6,4,5
female,32,164,644600,seasoned,4,1,7
female,36,162,669425,regularly,4,3,4
female,39,162,696958,regularly,3,5,6
male,20,175,774880,occasionally,2,3,6
male,24,176,808564,regularly,4,4,5
female,36,160,605429,regularly,3,2,4
female,40,163,716573,occasionally,1,5,6
female,37,165,641625,seasoned,5,4,4
male,23,173,666102,seasoned,5,3,8
male,30,180,855349,regularly,5,4,4
female,51,158,480403,seasoned,4,2,4
male,26,184,820190,occasionally,2,5,4
male,48,170,859696,occasionally,3,4,4
female,35,174,753180,occasionally,1,4,4
female,42,168,751999,seasoned,3,4,9
female,24,168,654835,regularly,3,4,5
female,40,172,832030,regularly,2,2,6
male,29,185,730618,regularly,5,2,5
female,27,160,579163,regularly,3,4,6
female,36,169,751373,regularly,3,3,5
female,53,165,635982,occasionally,1,5,5
female,44,166,654960,occasionally,1,6,4
male,38,184,1003823,regularly,7,5,6
male,45,182,876795,seasoned,8,2,7
female,21,163,631950,regularly,3,2,8
female,42,163,611541,seasoned,3,2,7
female,46,154,557664,occasionally,1,4,4
male,26,174,811707,occasionally,2,4,4
female,23,163,603404,regularly,3,2,6
female,35,165,847335,regularly,2,3,6
male,39,172,718397,regularly,5,2,6
female,37,161,739162,occasionally,0,5,4
male,53,179,592758,regularly,4,2,5
female,47,163,801254,seasoned,3,3,6
male,25,169,759528,occasionally,1,2,4
female,23,173,856390,occasionally,1,5,5
male,20,176,751845,seasoned,7,1,8
female,26,158,503558,occasionally,2,5,4
male,19,165,649453,seasoned,5,2,7
male,39,189,939553,occasionally,2,4,5
female,42,167,784481,seasoned,3,2,7
female,18,169,713223,occasionally,1,4,5
female,41,180,910209,occasionally,1,4,4
male,47,167,715531,regularly,5,2,7
female,23,168,855775,occasionally,1,6,4
male,18,173,776960,occasionally,2,3,5
female,54,162,755958,regularly,2,4,6
female,49,157,641321,occasionally,1,8,4
female,40,168,728649,regularly,3,6,5
female,52,163,628653,occasionally,1,6,3
male,51,166,622267,seasoned,7,1,6
female,30,158,513610,regularly,2,4,6
male,19,184,689890,regularly,3,3,6
female,43,176,753584,seasoned,4,3,8
male,30,171,639572,regularly,4,3,6
female,49,171,716378,regularly,3,6,7
male,19,174,822244,occasionally,2,4,5
male,34,176,660821,regularly,4,1,5
female,22,171,684300,occasionally,1,5,6
male,21,188,703394,seasoned,8,1,6
female,35,168,729567,regularly,2,6,5
female,19,164,630842,occasionally,1,6,5
male,38,167,699161,occasionally,1,6,6
male,35,183,645276,seasoned,9,2,7
female,20,163,647972,seasoned,4,1,7
female,53,166,619746,regularly,3,3,5
male,48,179,592758,occasionally,2,5,4
male,41,171,691030,seasoned,8,2,5
male,49,179,652002,regularly,7,2,4
male,22,173,661733,occasionally,1,4,5
female,44,166,777053,regularly,3,3,5
female,34,155,547837,occasionally,1,5,4
male,31,191,910899,seasoned,5,2,7
female,43,160,555836,regularly,3,4,5
male,21,182,795661,occasionally,1,4,5
female,51,169,681454,occasionally,1,6,4
female,43,172,767500,regularly,4,3,5
male,34,175,755462,occasionally,0,5,4
male,39,173,727609,occasionally,3,5,4
female,19,171,707242,occasionally,1,5,6
female,51,161,654370,regularly,3,4,6
female,26,176,634663,regularly,3,3,6
male,40,175,814205,seasoned,6,2,6
female,53,161,553163,regularly,4,4,6
male,43,179,826664,regularly,7,3,5
male,32,173,830000,regularly,4,2,3
female,49,165,700995,occasionally,2,3,5
female,48,164,688782,regularly,2,4,5
male,43,177,773317,occasionally,1,3,4
female,29,173,594026,occasionally,1,3,5
female,38,154,471504,seasoned,5,1,5
female,34,172,592434,seasoned,5,3,7
male,32,172,637470,regularly,4,3,6
female,26,164,745013,regularly,4,3,7
male,37,175,808331,regularly,3,2,6
male,19,191,877512,regularly,3,4,6
male,20,167,577627,regularly,4,4,6
male,24,186,783537,occasionally,1,3,4
male,28,173,759534,occasionally,2,4,4
male,34,187,960766,seasoned,5,2,6
male,21,166,750221,occasionally,1,3,6
male,32,179,805146,regularly,3,2,7
male,33,183,938213,regularly,4,2,5
male,32,178,718733,seasoned,7,2,6
male,47,171,669970,occasionally,3,5,4
female,51,170,765835,occasionally,1,7,6
female,50,162,652538,seasoned,4,4,8
female,38,171,669233,seasoned,3,2,5
male,45,188,987629,regularly,5,3,6
male,42,163,663366,regularly,5,2,3
male,49,179,825240,occasionally,2,4,6
male,53,167,646098,occasionally,1,3,5
female,44,170,652042,regularly,3,3,7
male,48,195,916306,regularly,5,2,5
male,35,169,741635,seasoned,7,2,9
male,35,183,945385,seasoned,6,2,7
male,24,172,637613,seasoned,5,2,7
female,45,169,782196,occasionally,1,5,5
male,18,179,801377,regularly,4,4,6
female,36,160,536997,occasionally,1,5,4
female,42,151,554539,regularly,3,4,5
female,32,161,679974,regularly,2,5,5
male,49,173,891738,regularly,4,4,5
male,51,174,750749,occasionally,3,5,4
male,20,178,684581,regularly,4,4,6
male,53,172,672545,occasionally,1,3,4
male,53,182,786739,regularly,5,2,6
male,36,178,691513,occasionally,2,3,4
male,25,176,789110,occasionally,2,5,5
male,26,182,867079,seasoned,7,2,8
male,18,179,775586,occasionally,1,6,5
male,42,175,584665,occasionally,1,4,5
male,32,194,948872,seasoned,5,2,6
female,46,151,634703,regularly,3,4,5
female,34,162,645710,regularly,2,5,6
male,39,180,900637,regularly,3,4,4
female,22,168,763868,seasoned,4,3,8
female,41,156,656477,regularly,2,2,5
male,54,177,718800,regularly,5,3,4
male,24,179,944022,seasoned,5,3,8
female,32,171,745390,regularly,3,3,5
female,19,168,591109,seasoned,5,3,6
male,33,182,762468,occasionally,3,2,4
female,33,173,808572,regularly,2,5,7
male,27,179,800669,occasionally,2,4,5
female,21,163,714812,regularly,3,5,6
male,22,187,857252,occasionally,1,4,5
female,28,157,704040,seasoned,4,3,6
female,25,160,616511,occasionally,1,7,5
female,27,175,936409,seasoned,6,3,9
male,46,176,650850,occasionally,2,5,5
female,37,161,684256,regularly,3,5,5
male,26,176,735982,occasionally,2,4,5
male,37,182,865633,regularly,5,3,7
male,43,172,645645,regularly,5,2,6
male,28,182,861615,regularly,4,4,5
male,38,190,997432,regularly,5,3,6
female,36,161,708510,regularly,3,4,7
female,47,165,655993,seasoned,5,3,5
male,30,188,946998,seasoned,6,2,5
female,52,161,557937,occasionally,1,5,3
female,23,164,669255,occasionally,1,4,5
female,18,167,585013,regularly,2,5,5
female,34,163,663905,occasionally,1,3,6
male,34,183,920153,regularly,4,2,7
male,47,172,786097,regularly,4,3,7
female,19,161,572425,regularly,3,3,6
male,20,165,697539,occasionally,1,4,6
female,44,163,763447,occasionally,0,4,4
female,47,157,636466,occasionally,1,4,4
male,30,181,735606,regularly,2,3,6
female,18,180,774554,regularly,3,3,5
female,23,152,536052,regularly,3,2,6
male,18,189,955980,occasionally,1,4,5
female,27,170,804735,regularly,2,3,6
female,27,158,646249,occasionally,1,5,3
female,39,162,577757,occasionally,0,5,3
male,36,175,743275,occasionally,2,3,4
female,29,170,756286,regularly,3,3,6
female,52,151,595121,occasionally,1,6,6
male,31,175,752317,occasionally,2,5,4
female,25,177,737128,regularly,4,4,5
male,50,178,740174,occasionally,2,4,5
female,27,168,564568,occasionally,0,5,4
male,27,178,856868,occasionally,1,3,5
male,18,163,638602,seasoned,9,1,7
female,33,172,668931,occasionally,1,5,5
male,24,184,1067041,regularly,4,2,5
female,47,157,456006,regularly,2,2,5
female,27,165,658612,occasionally,2,4,5
male,32,189,868193,occasionally,2,6,4
male,44,172,691796,regularly,4,3,6
female,37,171,887678,regularly,2,4,7
male,41,172,727127,seasoned,6,2,5
female,52,168,735222,seasoned,6,4,6
female,30,172,738068,regularly,2,3,7
male,35,184,723344,regularly,5,4,6
male,27,170,534650,regularly,4,5,4
male,23,193,841015,regularly,4,3,7
male,40,172,700953,occasionally,1,4,4
male,51,174,805916,occasionally,2,4,4
female,35,163,661077,occasionally,1,6,5
male,48,176,829312,regularly,5,5,5
male,22,179,791156,occasionally,1,3,4
female,37,162,794124,regularly,2,4,5
male,38,182,835460,seasoned,7,1,6
female,19,159,562699,seasoned,4,3,9
male,50,193,863415,occasionally,1,4,4
female,47,163,627030,seasoned,6,2,5
female,24,172,629026,occasionally,1,3,4
female,36,164,673209,regularly,2,4,6
male,54,179,693764,regularly,4,1,5
female,50,165,730477,occasionally,1,6,6
female,44,160,557203,seasoned,5,2,6
female,41,155,509292,seasoned,3,2,7
female,35,162,667345,occasionally,2,7,4
female,49,167,552438,regularly,2,3,5
female,25,174,851464,occasionally,2,6,4
female,31,172,547304,regularly,3,2,4
male,38,174,716716,regularly,7,4,4
male,37,166,607868,regularly,5,3,6
female,28,161,717950,regularly,3,5,7
female,27,174,798612,regularly,4,3,5
male,39,183,822685,occasionally,1,3,4
female,32,177,821661,seasoned,3,4,6
female,43,172,775283,regularly,3,4,5
male,40,167,628481,regularly,5,3,4
male,19,160,549948,occasionally,0,3,5
male,34,168,692742,regularly,4,2,5
male,42,176,715521,regularly,3,3,4
male,27,181,803008,regularly,3,2,5
male,40,177,778644,occasionally,1,4,4
female,47,171,707560,seasoned,4,1,6
male,45,182,840034,regularly,5,3,7
female,21,157,609692,regularly,5,2,8
female,37,167,637550,seasoned,6,3,5
female,22,160,664006,occasionally,2,5,7
male,51,162,606697,occasionally,1,4,6
male,30,186,793973,occasionally,3,5,4
male,53,188,694853,occasionally,1,4,3
male,35,174,831261,regularly,6,4,4
male,40,190,838533,occasionally,2,4,4
female,47,157,512415,seasoned,5,2,5
male,47,177,838051,regularly,4,2,5
female,39,172,833701,regularly,3,5,5
female,39,168,724344,regularly,3,2,8
male,33,180,654407,regularly,3,2,6
male,46,183,919889,regularly,5,4,6
male,46,181,956538,regularly,4,3,5
male,48,171,827205,regularly,4,4,7
male,45,181,660402,occasionally,2,3,3
male,51,166,755587,occasionally,0,3,4
male,47,174,798944,regularly,5,4,6
male,50,177,629100,regularly,4,3,4
male,23,183,909090,regularly,3,2,6
male,23,186,822090,occasionally,2,2,7
male,41,181,883351,regularly,3,5,4
male,44,191,771923,seasoned,7,2,7
male,25,174,853433,regularly,5,3,5
male,46,184,646798,occasionally,1,3,4
female,34,162,530040,occasionally,1,5,5
female,42,161,767854,regularly,2,2,6
male,30,178,957392,regularly,5,3,5
female,24,170,814684,regularly,4,3,9
female,20,173,662294,regularly,3,2,6
female,45,160,530405,occasionally,1,4,4
female,37,159,495843,regularly,2,5,5
male,47,175,684815,occasionally,2,4,5
male,46,180,731608,regularly,4,4,4
female,46,162,687126,regularly,3,3,6
male,38,187,885027,seasoned,9,1,9
female,45,167,660912,seasoned,4,1,8
female,28,173,777637,regularly,3,5,6
male,38,173,683738,regularly,4,3,7
female,22,167,603095,seasoned,5,3,7
male,30,188,848336,occasionally,2,5,4
male,47,175,566562,occasionally,3,3,5
female,32,164,525054,occasionally,1,5,4
female,47,176,782089,occasionally,1,6,5
female,20,169,664120,occasionally,1,5,6
female,37,167,711992,occasionally,1,5,5
female,45,163,788369,regularly,2,3,6
female,36,165,595596,occasionally,2,4,4
female,52,162,560291,occasionally,1,5,4
male,29,184,931565,regularly,4,2,6
female,19,159,761152,regularly,2,7,8
male,32,170,598003,regularly,5,4,5
female,35,155,572018,seasoned,4,1,7
male,38,181,848381,regularly,6,4,5
male,18,186,815031,regularly,3,3,8
male,18,173,738372,regularly,2,2,6
female,52,150,626081,regularly,2,5,6
female,45,164,605953,regularly,3,5,8
female,54,167,820468,occasionally,0,4,6
male,19,178,616198,occasionally,2,5,5
male,33,177,894588,regularly,4,4,7
female,22,159,599545,regularly,2,6,6
male,39,170,615763,regularly,6,2,6
female,54,164,747106,seasoned,4,1,7
female,44,177,621237,occasionally,1,6,5
female,29,173,722505,seasoned,6,2,5
male,19,184,829805,regularly,4,3,6
female,18,171,690398,occasionally,2,5,6
male,20,187,712007,regularly,3,3,4
female,40,170,724239,regularly,4,3,8
male,21,174,767554,occasionally,2,4,5
female,41,163,642955,regularly,2,4,5
male,52,187,965986,regularly,3,3,8
female,22,163,491526,regularly,3,4,4
male,36,178,838451,regularly,3,3,7
female,18,173,809483,seasoned,5,2,8
male,26,173,603672,occasionally,2,4,4
female,33,169,620807,regularly,3,4,4
female,45,168,579021,seasoned,4,1,6
female,37,161,624018,occasionally,2,4,5
male,31,168,916504,occasionally,2,3,6
female,35,152,577415,occasionally,1,5,4
male,25,178,850417,occasionally,2,3,4
female,19,166,646448,occasionally,1,6,5
female,21,159,590780,occasionally,1,6,5
female,38,170,702158,occasionally,1,5,4
female,46,165,544307,occasionally,1,4,3
male,46,178,826015,seasoned,8,3,5
male,32,174,720194,seasoned,5,1,5
female,25,150,463531,occasionally,1,7,4
female,31,166,715119,seasoned,3,4,7
female,33,170,586446,regularly,3,2,6
male,39,176,736970,occasionally,3,4,4
female,35,165,791012,regularly,2,2,7
male,18,173,553686,occasionally,1,5,5
female,44,161,509564,regularly,2,6,5
male,32,189,939882,regularly,4,4,5
male,32,180,710898,occasionally,1,4,4
female,36,169,768791,regularly,2,4,6
male,34,182,850852,seasoned,7,1,8
male,39,171,672039,regularly,7,3,6
female,45,169,676702,regularly,2,4,6
female,33,162,621953,regularly,2,4,7
female,48,169,718379,regularly,4,2,9
female,36,164,649366,occasionally,1,6,5
female,47,158,590062,occasionally,1,6,4
male,41,186,902467,occasionally,2,6,4
male,48,177,701627,regularly,4,5,6
female,32,161,678396,seasoned,6,2,6
male,27,172,853793,occasionally,1,4,5
male,31,190,817815,occasionally,2,5,4
female,49,164,680856,regularly,1,3,7
female,26,170,710422,seasoned,6,4,7
male,25,174,777743,seasoned,7,1,6
female,30,160,671107,occasionally,1,6,6
male,21,181,774653,occasionally,0,5,4
female,25,167,788269,regularly,2,5,7
female,34,166,681225,regularly,2,4,8
male,24,169,747510,occasionally,1,4,5
female,49,184,723715,occasionally,1,4,5
female,52,163,589239,seasoned,3,2,8
female,25,161,564382,occasionally,1,6,4
male,20,167,701650,occasionally,0,2,5
male,49,182,760744,seasoned,6,2,6
female,48,163,706532,occasionally,0,6,6
female,25,162,705933,occasionally,1,4,5
female,29,166,672395,occasionally,2,6,5
female,39,169,711491,seasoned,5,2,6
male,44,174,622156,regularly,6,2,5
male,27,172,724834,seasoned,6,4,6
female,28,169,677339,regularly,3,4,4
female,22,161,590046,regularly,3,4,8
female,37,160,554660,regularly,1,2,7
female,48,166,733896,seasoned,4,3,6
male,54,171,758430,regularly,3,3,7
male,21,174,738219,regularly,3,1,6
female,22,169,742906,regularly,2,3,8
female,48,151,456134,regularly,3,3,4
female,22,172,547304,seasoned,6,2,7
female,24,157,536841,regularly,2,4,6
female,23,165,648754,regularly,4,4,6
female,23,162,683933,regularly,3,5,5
male,53,189,786088,occasionally,1,4,5
male,39,180,783391,occasionally,1,4,4
male,29,179,630565,regularly,3,3,4
female,31,169,757335,regularly,2,3,6
male,30,162,771656,occasionally,2,5,6
female,24,166,611033,occasionally,2,4,4
male,38,172,547304,occasionally,0,4,3
female,40,167,648192,seasoned,4,2,7
female,31,166,552050,regularly,3,4,5
female,36,160,693171,regularly,2,3,5
male,21,179,888692,occasionally,0,6,4
female,36,162,677482,occasionally,1,5,3
female,28,166,549082,seasoned,5,3,6
male,24,178,778331,seasoned,6,3,7
male,46,168,627951,occasionally,1,3,4
female,29,166,670980,regularly,3,6,6
female,27,164,591880,regularly,3,3,4
male,20,184,812877,occasionally,1,5,4
male,31,181,831046,occasionally,2,3,4
male,20,184,876259,occasionally,2,3,5
female,44,163,621011,occasionally,1,3,4
male,43,177,822654,occasionally,2,6,4
male,20,173,786380,regularly,4,3,6
male,52,188,653864,seasoned,6,1,6
male,26,181,817050,regularly,3,3,6
male,27,172,793213,occasionally,2,5,5
male,53,176,725431,occasionally,2,5,4
male,31,173,784001,regularly,5,3,7
female,42,162,486741,occasionally,1,6,4
male,23,171,768257,occasionally,1,2,5
female,28,156,624296,seasoned,5,2,6
female,39,160,727766,occasionally,0,5,5
male,19,186,832584,occasionally,1,4,6
female,44,162,598146,regularly,4,4,6
female,54,159,619632,regularly,2,5,6
female,25,158,671445,occasionally,1,6,5
male,40,183,813219,occasionally,3,3,4
male,18,170,606572,occasionally,2,3,6
male,28,191,874837,seasoned,6,2,6
female,43,178,865511,seasoned,3,3,5
female,54,161,578914,occasionally,1,5,5
female,35,165,525804,seasoned,5,1,4
male,39,172,617366,regularly,6,4,6
female,30,172,696732,seasoned,5,1,5
female,25,169,707605,occasionally,2,5,3
male,24,188,974229,regularly,3,4,7
male,36,170,690000,occasionally,3,4,5
male,38,173,608719,occasionally,3,4,5
female,25,172,749546,seasoned,5,3,6
male,34,173,802737,seasoned,5,1,8
female,27,168,791160,seasoned,5,3,6
male,53,169,747569,seasoned,9,2,7
male,48,180,872800,regularly,4,3,4
male,27,186,999114,occasionally,2,4,5
female,44,168,754443,occasionally,1,4,4
female,48,167,670390,occasionally,2,6,5
female,35,169,770668,occasionally,0,8,5
male,49,171,595622,occasionally,2,5,4
male,20,181,791347,occasionally,2,4,5
male,18,168,721650,occasionally,1,5,4
female,44,162,656283,seasoned,4,4,6
female,35,176,804585,regularly,2,3,5
male,27,185,864464,occasionally,1,4,5
female,33,164,635359,seasoned,5,3,7
female,33,157,680047,occasionally,1,4,5
female,35,167,775134,regularly,2,4,5
male,54,186,818923,regularly,5,3,4
male,36,185,696982,occasionally,1,4,4
female,51,173,820784,seasoned,4,3,6
female,35,163,594620,occasionally,1,4,3
female,30,176,876463,seasoned,3,2,9
female,45,170,753671,occasionally,1,8,4
male,34,174,570126,regularly,4,2,5
female,54,153,541666,regularly,3,5,7
female,28,172,719122,seasoned,4,3,8
female,53,176,664287,occasionally,0,4,4
male,33,172,954371,regularly,3,3,6
female,27,174,744885,occasionally,1,5,5
male,30,182,808286,occasionally,2,5,5
male,52,176,604141,occasionally,3,4,4
female,36,162,649847,regularly,3,3,5
female,43,174,651215,regularly,2,2,7
female,49,163,584132,occasionally,2,5,4
female,30,169,667098,occasionally,1,6,3
female,29,171,715245,occasionally,1,4,5
male,32,179,937190,occasionally,1,5,5
male,26,180,943202,occasionally,1,4,6
female,21,168,769832,occasionally,0,5,5
female,42,177,718374,regularly,4,3,5
male,45,184,825299,regularly,4,2,5
female,30,174,560106,regularly,3,3,4
male,36,177,882725,regularly,5,2,9
female,39,165,682152,occasionally,2,5,5
male,48,181,754242,occasionally,2,5,5
male,40,185,814113,regularly,5,2,6
male,53,173,698546,regularly,4,4,5
male,29,172,734071,occasionally,2,6,4
female,27,168,620393,occasionally,1,4,4
female,22,172,625438,regularly,4,5,6
male,32,169,698801,occasionally,3,4,4
female,37,167,718285,occasionally,0,5,5
male,32,183,755536,regularly,3,1,6
female,47,168,802430,occasionally,0,6,5
male,19,173,642602,regularly,4,2,8
male,50,186,753237,seasoned,8,2,7
male,26,183,996757,regularly,3,4,4
female,29,173,776425,occasionally,1,6,4
female,47,163,627842,occasionally,1,5,5
male,31,172,880686,regularly,3,3,8
female,49,168,822745,regularly,2,6,7
male,50,186,1018919,occasionally,2,4,3
male,22,179,770833,seasoned,7,2,7
female,28,167,860912,seasoned,6,3,9
female,48,174,704742,seasoned,3,1,8
female,45,175,782637,regularly,2,2,5
female,51,175,841326,occasionally,1,5,5
male,21,184,873125,occasionally,1,5,4
male,54,184,733191,seasoned,8,1,7
female,23,163,574208,seasoned,6,1,7
male,45,194,867986,regularly,5,1,7
female,24,174,860703,seasoned,6,2,7
male,30,181,777749,regularly,3,4,5
female,21,160,633727,regularly,5,3,6
male,52,173,729676,occasionally,2,3,3
female,20,161,740847,occasionally,1,6,5
male,43,174,745415,regularly,3,2,5
male,48,175,720607,regularly,4,2,5
male,23,169,582826,occasionally,1,4,5
female,35,176,870632,occasionally,1,4,6
male,37,179,623074,regularly,4,3,6
male,38,167,757634,occasionally,2,4,6
male,46,173,866932,seasoned,6,1,8
female,28,164,680202,regularly,3,4,6
male,29,178,730747,occasionally,2,4,4
female,49,155,589488,occasionally,1,7,4
female,27,159,628258,seasoned,3,3,6
female,35,172,679409,regularly,3,2,5
female,33,166,573018,occasionally,1,4,4
male,28,176,831966,seasoned,8,1,8
female,25,176,840347,regularly,2,4,6
male,31,182,769464,seasoned,7,2,5
male,26,174,803399,occasionally,1,4,5
female,49,163,655605,occasionally,1,7,5
male,38,174,681470,regularly,5,3,5
female,46,170,695942,regularly,3,3,5
male,35,168,689662,occasionally,2,4,5
male,45,176,811329,regularly,4,3,6
female,43,167,863189,occasionally,1,4,5
male,20,175,799857,regularly,4,3,7
female,32,171,722840,regularly,2,3,5
female,38,170,697803,seasoned,3,3,5
male,37,179,826987,regularly,6,4,5
female,23,160,723616,regularly,2,3,7
female,43,167,752843,occasionally,2,6,5
female,45,167,568791,seasoned,4,3,8
female,19,167,591359,regularly,4,4,6
female,26,173,646213,occasionally,1,3,3
male,45,168,657681,occasionally,1,5,5
male,44,186,900572,occasionally,2,5,6
male,54,173,683173,seasoned,8,1,8
male,32,174,700874,occasionally,1,6,4
male,38,181,731237,seasoned,5,2,7
female,54,150,724095,seasoned,4,3,7
female,52,167,692215,regularly,3,5,5
female,39,155,542951,occasionally,0,4,5
female,41,174,869981,occasionally,0,5,5
male,48,160,532293,regularly,5,2,7
female,35,157,616179,regularly,3,2,6
female,21,171,797671,regularly,3,3,6
male,30,171,643061,seasoned,4,3,7
female,29,168,640929,regularly,5,4,6
female,26,156,622652,occasionally,1,4,7
female,39,158,645914,regularly,3,3,5
female,42,166,695276,regularly,2,3,6
male,50,189,837322,occasionally,1,4,5
female,50,166,686989,occasionally,1,6,5
female,41,170,660140,seasoned,3,5,8
female,45,167,708163,regularly,2,4,4
male,46,164,688053,regularly,4,4,6
male,39,178,787219,seasoned,9,2,6
male,25,184,799127,occasionally,2,4,3
male,22,181,840457,occasionally,0,4,6
male,29,177,579586,seasoned,6,3,6
male,35,180,617866,seasoned,8,2,5
female,21,170,640404,seasoned,3,3,7
female,38,157,735010,regularly,2,5,4
male,29,187,669787,regularly,5,3,4
female,42,167,711572,regularly,3,3,5
female,20,169,534908,occasionally,1,3,4
female,41,163,594281,regularly,2,6,6
female,20,160,570410,regularly,2,3,6
male,41,181,666062,regularly,5,3,4
male,32,184,886949,seasoned,4,2,8
male,46,187,928044,occasionally,1,3,4
female,28,157,674427,regularly,3,3,6
female,34,167,682744,regularly,3,3,4
male,36,178,848570,occasionally,1,5,6
male,26,195,901140,occasionally,1,4,4
male,37,183,783661,occasionally,2,3,4
female,35,163,610406,regularly,3,4,8
female,37,161,649635,regularly,2,2,4
male,49,167,734723,regularly,6,4,6
female,36,158,546718,regularly,3,4,5
male,37,177,815450,seasoned,8,3,6
female,49,165,769675,regularly,3,5,5
female,26,157,548661,regularly,4,4,7
male,32,189,922087,occasionally,2,4,4
female,28,164,519062,seasoned,7,3,5
female,34,165,650009,occasionally,1,6,5
female,24,163,648034,seasoned,5,1,8
male,42,185,766312,occasionally,1,4,6
female,53,175,865636,regularly,3,3,4
male,47,193,928723,occasionally,1,4,6
female,34,166,637539,regularly,2,5,5
male,37,166,625410,regularly,3,4,4
female,44,165,721831,regularly,3,2,7
female,35,173,794699,regularly,4,3,9
male,47,168,594359,regularly,4,3,7
male,34,191,871709,occasionally,1,3,6
female,42,168,701158,seasoned,4,3,4
male,32,173,657387,occasionally,1,4,4
female,43,164,594099,regularly,2,3,6
female,53,170,618454,seasoned,4,2,6
female,25,167,586447,occasionally,2,6,5
female,26,166,595103,regularly,4,4,4
female,22,162,731668,occasionally,0,5,6
male,26,176,864927,regularly,3,5,6
male,18,172,860496,seasoned,6,2,10
female,37,163,720137,regularly,1,5,6
male,35,177,776224,occasionally,2,3,4
male,33,187,912434,regularly,3,4,6
female,30,162,613549,occasionally,1,6,5
male,42,188,799587,occasionally,3,6,6
female,46,177,702175,occasionally,1,3,3
male,27,180,816501,seasoned,6,2,6
female,30,170,792793,seasoned,5,2,6
male,35,180,809534,seasoned,6,1,8
male,28,174,675615,seasoned,6,1,8
female,36,171,683511,regularly,1,6,5
male,48,183,1006088,occasionally,1,5,6
female,46,162,604746,seasoned,5,1,6
female,39,153,543531,regularly,3,3,5
male,45,184,967645,regularly,4,3,5
female,52,167,648127,regularly,3,3,5
female,29,170,578843,occasionally,0,3,5
male,37,178,874129,seasoned,7,3,7
female,25,168,691901,regularly,4,5,7
male,22,172,551305,seasoned,4,1,8
female,26,162,485514,occasionally,1,6,5
male,45,171,692386,regularly,3,3,6
male,37,176,849982,regularly,5,5,6
female,47,164,525901,seasoned,6,3,7
male,40,178,921858,regularly,6,4,4
male,53,181,959470,seasoned,7,1,5
female,36,157,567144,occasionally,2,5,5
female,50,160,482388,regularly,3,4,5
female,18,168,746071,seasoned,5,3,12
male,30,169,719586,seasoned,5,2,7
female,32,158,663813,occasionally,1,7,4
male,29,177,803730,regularly,4,3,5
male,30,162,643172,regularly,5,4,6
female,44,158,548338,occasionally,1,4,4
male,51,182,860449,regularly,3,4,7
male,36,184,688933,regularly,4,3,5
male,41,182,892311,regularly,4,4,7
female,40,155,516166,occasionally,1,5,5
female,29,169,633702,occasionally,1,5,5
female,34,175,900101,occasionally,1,4,5
female,20,170,752842,regularly,2,4,8
female,34,154,504896,regularly,2,4,5
female,22,165,559234,seasoned,5,2,10
male,26,177,753391,seasoned,4,2,7
female,23,172,616577,regularly,4,3,5
female,33,166,681987,regularly,3,5,6
male,38,173,800184,occasionally,0,5,5
female,20,164,758845,occasionally,1,3,5
male,28,181,700609,seasoned,7,3,6
female,26,162,735867,regularly,3,3,5
male,26,180,869525,seasoned,8,3,6
female,54,162,546003,occasionally,1,3,3
female,23,164,641973,occasionally,1,7,5
female,51,167,620564,regularly,3,6,6
female,39,166,630620,regularly,3,5,4
female,36,167,603962,occasionally,2,7,4
female,38,172,652974,regularly,3,3,6
female,30,164,612319,seasoned,4,2,5
