saison,lieu,heure_debut,heure_fin,genre,age,taille,poids,conso_level,boit_ce_soir,biere,soft,pizza
été,intérieur,2025-12-09T18:00:00,2025-12-09T22:00:00,homme,52,1.54,77,occasionnel,pas du tout,0,2,2
été,intérieur,2025-12-09T18:00:00,2025-12-09T22:00:00,homme,31,1.62,88,occasionnel,peu,0,2,2
été,intérieur,2025-12-09T18:00:00,2025-12-09T22:00:00,femme,32,1.72,67,occasionnel,peu,0,2,2
été,intérieur,2025-12-09T18:00:00,2025-12-09T22:00:00,femme,39,1.64,63,régulier,pas du tout,0,2,2
été,extérieur,2025-02-12T19:00:00,2025-02-13T02:00:00,homme,47,1.77,74,occasionnel,normal,1,1,2
été,extérieur,2025-02-12T19:00:00,2025-02-13T02:00:00,femme,54,1.6,54,occasionnel,peu,1,1,2
été,extérieur,2025-02-12T19:00:00,2025-02-13T02:00:00,femme,23,1.93,56,régulier,normal,1,1,2
été,extérieur,2025-02-12T19:00:00,2025-02-13T02:00:00,femme,58,1.92,60,régulier,normal,1,1,2
été,extérieur,2025-02-12T19:00:00,2025-02-13T02:00:00,homme,60,1.63,93,aguerri,pas du tout,1,1,2
hiver,intérieur,2025-03-15T20:00:00,2025-03-16T01:00:00,homme,38,1.92,99,occasionnel,peu,2,1,2
hiver,intérieur,2025-03-15T20:00:00,2025-03-16T01:00:00,homme,38,1.7,54,occasionnel,normal,2,1,2
hiver,intérieur,2025-03-15T20:00:00,2025-03-16T01:00:00,homme,59,1.75,91,régulier,peu,2,1,2
hiver,intérieur,2025-03-15T20:00:00,2025-03-16T01:00:00,femme,26,1.62,85,aguerri,normal,2,1,2
hiver,intérieur,2025-03-15T20:00:00,2025-03-16T01:00:00,femme,55,1.7,64,occasionnel,beaucoup,2,1,2
hiver,intérieur,2025-03-15T20:00:00,2025-03-16T01:00:00,homme,21,1.93,59,aguerri,peu,2,1,2
hiver,intérieur,2025-03-15T20:00:00,2025-03-16T01:00:00,femme,56,1.53,74,aguerri,beaucoup,2,1,2
hiver,intérieur,2025-03-15T20:00:00,2025-03-16T01:00:00,femme,53,1.93,50,aguerri,pas du tout,2,1,2
printemps,extérieur,2025-02-10T20:00:00,2025-02-11T00:00:00,homme,34,1.99,98,occasionnel,pas du tout,2,1,2
printemps,extérieur,2025-02-10T20:00:00,2025-02-11T00:00:00,femme,58,1.75,62,occasionnel,normal,2,1,2
printemps,extérieur,2025-02-10T20:00:00,2025-02-11T00:00:00,homme,52,1.98,83,occasionnel,normal,2,1,2
printemps,extérieur,2025-02-10T20:00:00,2025-02-11T00:00:00,femme,19,1.56,73,régulier,peu,2,1,2
printemps,extérieur,2025-02-10T20:00:00,2025-02-11T00:00:00,homme,33,1.94,55,occasionnel,beaucoup,2,1,2
printemps,extérieur,2025-02-10T20:00:00,2025-02-11T00:00:00,homme,52,1.88,58,aguerri,beaucoup,2,1,2
hiver,extérieur,2025-09-28T21:00:00,2025-09-29T03:00:00,homme,37,1.7,92,aguerri,normal,1,2,2
hiver,extérieur,2025-09-28T21:00:00,2025-09-29T03:00:00,femme,51,1.73,65,occasionnel,pas du tout,1,2,2
hiver,extérieur,2025-09-28T21:00:00,2025-09-29T03:00:00,femme,19,1.79,64,aguerri,peu,1,2,2
hiver,extérieur,2025-09-28T21:00:00,2025-09-29T03:00:00,homme,22,1.85,53,occasionnel,pas du tout,1,2,2
été,extérieur,2025-02-17T18:00:00,2025-02-17T23:00:00,femme,31,1.77,96,aguerri,beaucoup,1,2,2
été,extérieur,2025-02-17T18:00:00,2025-02-17T23:00:00,homme,48,1.9,62,occasionnel,pas du tout,1,2,2
été,extérieur,2025-02-17T18:00:00,2025-02-17T23:00:00,femme,40,1.71,79,aguerri,pas du tout,1,2,2
été,extérieur,2025-02-17T18:00:00,2025-02-17T23:00:00,homme,21,1.7,71,occasionnel,peu,1,2,2
été,extérieur,2025-02-17T18:00:00,2025-02-17T23:00:00,homme,30,1.77,58,régulier,peu,1,2,2
été,extérieur,2025-02-17T18:00:00,2025-02-17T23:00:00,femme,47,1.62,54,régulier,pas du tout,1,2,2
été,extérieur,2025-02-17T18:00:00,2025-02-17T23:00:00,homme,59,2.0,50,occasionnel,peu,1,2,2
été,extérieur,2025-02-17T18:00:00,2025-02-17T23:00:00,homme,44,1.74,63,régulier,pas du tout,1,2,2
hiver,extérieur,2025-01-13T19:00:00,2025-01-14T01:00:00,femme,53,1.83,81,occasionnel,peu,0,2,2
hiver,extérieur,2025-01-13T19:00:00,2025-01-14T01:00:00,femme,31,1.98,87,aguerri,pas du tout,0,2,2
hiver,extérieur,2025-01-13T19:00:00,2025-01-14T01:00:00,femme,21,1.53,80,aguerri,peu,0,2,2
hiver,extérieur,2025-01-13T19:00:00,2025-01-14T01:00:00,homme,50,1.54,61,occasionnel,pas du tout,0,2,2
hiver,extérieur,2025-01-13T19:00:00,2025-01-14T01:00:00,homme,43,1.56,86,occasionnel,pas du tout,0,2,2
été,extérieur,2025-11-19T21:00:00,2025-11-20T04:00:00,femme,31,1.83,70,occasionnel,normal,1,1,2
été,extérieur,2025-11-19T21:00:00,2025-11-20T04:00:00,femme,26,1.84,69,régulier,normal,1,1,2
été,extérieur,2025-11-19T21:00:00,2025-11-20T04:00:00,homme,18,1.73,86,occasionnel,pas du tout,1,1,2
été,extérieur,2025-11-19T21:00:00,2025-11-20T04:00:00,homme,50,1.63,72,occasionnel,peu,1,1,2
été,extérieur,2025-11-19T21:00:00,2025-11-20T04:00:00,femme,36,1.58,84,aguerri,normal,1,1,2
été,extérieur,2025-11-04T18:00:00,2025-11-04T23:00:00,homme,53,1.58,68,aguerri,peu,2,1,2
été,extérieur,2025-11-04T18:00:00,2025-11-04T23:00:00,femme,31,1.84,66,aguerri,beaucoup,2,1,2
été,extérieur,2025-11-04T18:00:00,2025-11-04T23:00:00,femme,21,1.55,77,régulier,pas du tout,2,1,2
été,extérieur,2025-03-21T19:00:00,2025-03-21T23:00:00,femme,53,1.85,85,occasionnel,pas du tout,1,1,2
été,extérieur,2025-03-21T19:00:00,2025-03-21T23:00:00,homme,27,1.77,73,aguerri,peu,1,1,2
été,extérieur,2025-03-21T19:00:00,2025-03-21T23:00:00,femme,26,1.52,73,occasionnel,normal,1,1,2
été,extérieur,2025-03-21T19:00:00,2025-03-21T23:00:00,homme,33,1.83,72,aguerri,beaucoup,1,1,2
été,extérieur,2025-03-21T19:00:00,2025-03-21T23:00:00,homme,33,1.93,61,régulier,pas du tout,1,1,2
été,extérieur,2025-03-21T19:00:00,2025-03-21T23:00:00,homme,39,1.89,76,aguerri,peu,1,1,2
été,extérieur,2025-03-21T19:00:00,2025-03-21T23:00:00,femme,28,1.89,56,régulier,pas du tout,1,1,2
été,extérieur,2025-03-21T19:00:00,2025-03-21T23:00:00,femme,32,1.6,79,régulier,normal,1,1,2
hiver,intérieur,2025-01-22T18:00:00,2025-01-23T00:00:00,femme,22,1.98,67,régulier,beaucoup,2,1,2
hiver,intérieur,2025-01-22T18:00:00,2025-01-23T00:00:00,femme,19,1.56,66,occasionnel,normal,2,1,2
hiver,intérieur,2025-01-22T18:00:00,2025-01-23T00:00:00,homme,24,1.8,72,aguerri,normal,2,1,2
hiver,intérieur,2025-01-22T18:00:00,2025-01-23T00:00:00,femme,56,1.99,57,régulier,peu,2,1,2
hiver,intérieur,2025-01-22T18:00:00,2025-01-23T00:00:00,femme,20,1.85,50,aguerri,peu,2,1,2
printemps,extérieur,2025-02-22T19:00:00,2025-02-23T02:00:00,homme,37,1.75,92,régulier,normal,2,1,2
printemps,extérieur,2025-02-22T19:00:00,2025-02-23T02:00:00,femme,36,1.78,62,régulier,beaucoup,2,1,2
printemps,extérieur,2025-02-22T19:00:00,2025-02-23T02:00:00,homme,57,1.78,75,aguerri,pas du tout,2,1,2
printemps,extérieur,2025-02-22T19:00:00,2025-02-23T02:00:00,femme,36,1.61,100,aguerri,normal,2,1,2
printemps,extérieur,2025-02-22T19:00:00,2025-02-23T02:00:00,femme,46,1.72,63,aguerri,beaucoup,2,1,2
hiver,intérieur,2025-05-17T21:00:00,2025-05-18T02:00:00,homme,37,1.61,62,occasionnel,pas du tout,2,1,2
hiver,intérieur,2025-05-17T21:00:00,2025-05-18T02:00:00,homme,33,1.99,89,occasionnel,beaucoup,2,1,2
hiver,intérieur,2025-05-17T21:00:00,2025-05-18T02:00:00,femme,58,1.79,95,aguerri,beaucoup,2,1,2
automne,extérieur,2025-04-05T17:00:00,2025-04-05T20:00:00,homme,29,1.9,94,aguerri,beaucoup,2,1,2
automne,extérieur,2025-04-05T17:00:00,2025-04-05T20:00:00,homme,53,1.62,57,régulier,peu,2,1,2
automne,extérieur,2025-04-05T17:00:00,2025-04-05T20:00:00,femme,60,1.77,85,aguerri,normal,2,1,2
automne,extérieur,2025-04-05T17:00:00,2025-04-05T20:00:00,femme,57,1.91,82,régulier,beaucoup,2,1,2
automne,extérieur,2025-04-05T17:00:00,2025-04-05T20:00:00,homme,48,1.73,98,occasionnel,normal,2,1,2
automne,extérieur,2025-04-05T17:00:00,2025-04-05T20:00:00,femme,58,1.62,78,occasionnel,normal,2,1,2
hiver,extérieur,2025-06-11T21:00:00,2025-06-12T00:00:00,homme,32,1.69,59,aguerri,peu,2,1,2
hiver,extérieur,2025-06-11T21:00:00,2025-06-12T00:00:00,homme,44,1.7,84,régulier,beaucoup,2,1,2
hiver,extérieur,2025-06-11T21:00:00,2025-06-12T00:00:00,homme,31,1.92,74,aguerri,pas du tout,2,1,2
hiver,extérieur,2025-06-11T21:00:00,2025-06-12T00:00:00,femme,48,1.5,72,régulier,beaucoup,2,1,2
automne,intérieur,2025-08-08T19:00:00,2025-08-09T01:00:00,homme,42,1.67,93,régulier,peu,1,1,2
automne,intérieur,2025-08-08T19:00:00,2025-08-09T01:00:00,femme,26,1.99,84,occasionnel,beaucoup,1,1,2
automne,intérieur,2025-08-08T19:00:00,2025-08-09T01:00:00,homme,23,1.82,58,régulier,peu,1,1,2
automne,intérieur,2025-08-08T19:00:00,2025-08-09T01:00:00,homme,34,1.69,63,régulier,normal,1,1,2
automne,intérieur,2025-08-08T19:00:00,2025-08-09T01:00:00,femme,42,1.64,76,régulier,pas du tout,1,1,2
automne,intérieur,2025-08-08T19:00:00,2025-08-09T01:00:00,femme,19,1.87,53,régulier,peu,1,1,2
été,intérieur,2025-01-08T18:00:00,2025-01-08T21:00:00,homme,33,1.56,92,occasionnel,peu,1,1,2
été,intérieur,2025-01-08T18:00:00,2025-01-08T21:00:00,femme,34,1.88,60,aguerri,pas du tout,1,1,2
été,intérieur,2025-01-08T18:00:00,2025-01-08T21:00:00,homme,37,1.55,51,régulier,beaucoup,1,1,2
été,intérieur,2025-01-08T18:00:00,2025-01-08T21:00:00,femme,30,1.54,94,aguerri,peu,1,1,2
été,intérieur,2025-01-08T18:00:00,2025-01-08T21:00:00,homme,37,1.93,88,occasionnel,pas du tout,1,1,2
été,intérieur,2025-01-08T18:00:00,2025-01-08T21:00:00,femme,52,1.71,73,occasionnel,normal,1,1,2
été,intérieur,2025-01-08T18:00:00,2025-01-08T21:00:00,homme,44,1.91,56,régulier,normal,1,1,2
automne,intérieur,2025-07-06T21:00:00,2025-07-07T05:00:00,femme,47,1.72,96,aguerri,normal,2,1,2
automne,intérieur,2025-07-06T21:00:00,2025-07-07T05:00:00,femme,33,1.92,55,régulier,beaucoup,2,1,2
automne,intérieur,2025-07-06T21:00:00,2025-07-07T05:00:00,homme,47,1.78,92,régulier,normal,2,1,2
automne,intérieur,2025-07-06T21:00:00,2025-07-07T05:00:00,homme,49,1.93,61,régulier,peu,2,1,2
automne,intérieur,2025-07-06T21:00:00,2025-07-07T05:00:00,femme,34,1.67,88,aguerri,normal,2,1,2
été,intérieur,2025-02-08T20:00:00,2025-02-09T02:00:00,homme,48,1.82,81,régulier,pas du tout,1,1,2
été,intérieur,2025-02-08T20:00:00,2025-02-09T02:00:00,homme,36,1.61,94,occasionnel,normal,1,1,2
été,intérieur,2025-02-08T20:00:00,2025-02-09T02:00:00,femme,48,1.78,72,régulier,normal,1,1,2
été,intérieur,2025-02-08T20:00:00,2025-02-09T02:00:00,femme,47,1.64,66,occasionnel,pas du tout,1,1,2
été,intérieur,2025-02-08T20:00:00,2025-02-09T02:00:00,homme,38,1.56,84,aguerri,peu,1,1,2
été,intérieur,2025-02-08T20:00:00,2025-02-09T02:00:00,homme,31,1.87,67,aguerri,normal,1,1,2
été,intérieur,2025-02-08T20:00:00,2025-02-09T02:00:00,homme,30,1.65,73,occasionnel,normal,1,1,2
été,intérieur,2025-05-02T17:00:00,2025-05-03T00:00:00,homme,58,1.93,81,occasionnel,pas du tout,2,1,2
été,intérieur,2025-05-02T17:00:00,2025-05-03T00:00:00,femme,48,1.74,71,occasionnel,pas du tout,2,1,2
été,intérieur,2025-05-02T17:00:00,2025-05-03T00:00:00,femme,48,1.56,54,régulier,beaucoup,2,1,2
été,intérieur,2025-05-02T17:00:00,2025-05-03T00:00:00,homme,54,1.81,53,occasionnel,peu,2,1,2
été,intérieur,2025-05-02T17:00:00,2025-05-03T00:00:00,femme,23,2.0,57,aguerri,beaucoup,2,1,2
hiver,extérieur,2025-08-15T19:00:00,2025-08-16T02:00:00,femme,54,1.81,89,aguerri,pas du tout,1,1,2
hiver,extérieur,2025-08-15T19:00:00,2025-08-16T02:00:00,homme,58,1.61,92,occasionnel,peu,1,1,2
hiver,extérieur,2025-08-15T19:00:00,2025-08-16T02:00:00,homme,29,1.78,60,occasionnel,beaucoup,1,1,2
hiver,extérieur,2025-08-15T19:00:00,2025-08-16T02:00:00,femme,56,1.73,52,occasionnel,normal,1,1,2
hiver,extérieur,2025-08-15T19:00:00,2025-08-16T02:00:00,femme,47,1.54,64,régulier,peu,1,1,2
hiver,extérieur,2025-08-15T19:00:00,2025-08-16T02:00:00,femme,25,1.77,91,occasionnel,normal,1,1,2
hiver,intérieur,2025-01-06T19:00:00,2025-01-07T02:00:00,femme,46,1.56,94,régulier,beaucoup,1,1,2
hiver,intérieur,2025-01-06T19:00:00,2025-01-07T02:00:00,femme,50,1.77,78,occasionnel,pas du tout,1,1,2
hiver,intérieur,2025-01-06T19:00:00,2025-01-07T02:00:00,femme,38,1.8,51,occasionnel,peu,1,1,2
hiver,intérieur,2025-01-06T19:00:00,2025-01-07T02:00:00,homme,35,1.79,98,occasionnel,beaucoup,1,1,2
hiver,intérieur,2025-01-06T19:00:00,2025-01-07T02:00:00,femme,35,1.59,87,régulier,beaucoup,1,1,2
hiver,intérieur,2025-01-06T19:00:00,2025-01-07T02:00:00,homme,48,1.67,71,régulier,pas du tout,1,1,2
hiver,intérieur,2025-01-06T19:00:00,2025-01-07T02:00:00,homme,39,1.71,81,régulier,beaucoup,1,1,2
hiver,intérieur,2025-01-06T19:00:00,2025-01-07T02:00:00,homme,47,1.54,66,régulier,pas du tout,1,1,2
automne,intérieur,2025-11-28T21:00:00,2025-11-29T03:00:00,homme,30,1.76,89,régulier,beaucoup,2,1,2
automne,intérieur,2025-11-28T21:00:00,2025-11-29T03:00:00,homme,31,1.63,58,régulier,beaucoup,2,1,2
automne,intérieur,2025-11-28T21:00:00,2025-11-29T03:00:00,femme,25,1.51,90,aguerri,peu,2,1,2
automne,intérieur,2025-11-28T21:00:00,2025-11-29T03:00:00,homme,37,1.78,85,régulier,pas du tout,2,1,2
automne,intérieur,2025-11-28T21:00:00,2025-11-29T03:00:00,homme,25,1.73,57,aguerri,peu,2,1,2
automne,intérieur,2025-11-28T21:00:00,2025-11-29T03:00:00,femme,36,1.75,67,régulier,beaucoup,2,1,2
automne,intérieur,2025-08-18T18:00:00,2025-08-19T00:00:00,homme,22,1.64,100,régulier,normal,3,1,2
automne,intérieur,2025-08-18T18:00:00,2025-08-19T00:00:00,femme,18,1.64,69,aguerri,beaucoup,3,1,2
automne,intérieur,2025-08-18T18:00:00,2025-08-19T00:00:00,homme,46,1.77,72,régulier,beaucoup,3,1,2
automne,intérieur,2025-08-18T18:00:00,2025-08-19T00:00:00,femme,38,1.93,94,occasionnel,beaucoup,3,1,2
hiver,extérieur,2025-01-11T20:00:00,2025-01-12T04:00:00,femme,60,1.9,91,occasionnel,beaucoup,1,1,2
hiver,extérieur,2025-01-11T20:00:00,2025-01-12T04:00:00,homme,26,1.75,87,régulier,pas du tout,1,1,2
hiver,extérieur,2025-01-11T20:00:00,2025-01-12T04:00:00,femme,24,1.76,79,occasionnel,peu,1,1,2
hiver,extérieur,2025-01-11T20:00:00,2025-01-12T04:00:00,femme,59,1.98,54,régulier,normal,1,1,2
hiver,extérieur,2025-01-11T20:00:00,2025-01-12T04:00:00,femme,57,1.85,91,occasionnel,normal,1,1,2
hiver,extérieur,2025-01-11T20:00:00,2025-01-12T04:00:00,femme,38,1.81,98,régulier,pas du tout,1,1,2
été,intérieur,2025-11-22T19:00:00,2025-11-22T23:00:00,homme,45,1.99,98,aguerri,pas du tout,1,1,2
été,intérieur,2025-11-22T19:00:00,2025-11-22T23:00:00,femme,28,1.85,51,occasionnel,normal,1,1,2
été,intérieur,2025-11-22T19:00:00,2025-11-22T23:00:00,homme,36,1.68,77,occasionnel,peu,1,1,2
été,intérieur,2025-11-22T19:00:00,2025-11-22T23:00:00,femme,54,1.84,61,occasionnel,peu,1,1,2
été,intérieur,2025-11-22T19:00:00,2025-11-22T23:00:00,homme,57,1.94,89,aguerri,peu,1,1,2
été,intérieur,2025-11-22T19:00:00,2025-11-22T23:00:00,femme,55,1.57,79,aguerri,normal,1,1,2
été,intérieur,2025-11-22T19:00:00,2025-11-22T23:00:00,femme,34,1.83,79,régulier,peu,1,1,2
été,intérieur,2025-11-22T19:00:00,2025-11-22T23:00:00,homme,46,1.97,87,régulier,beaucoup,1,1,2
printemps,extérieur,2025-05-07T20:00:00,2025-05-08T02:00:00,homme,42,1.79,86,régulier,normal,2,1,2
printemps,extérieur,2025-05-07T20:00:00,2025-05-08T02:00:00,homme,60,1.7,50,aguerri,pas du tout,2,1,2
printemps,extérieur,2025-05-07T20:00:00,2025-05-08T02:00:00,femme,36,1.89,64,aguerri,normal,2,1,2
hiver,intérieur,2025-10-09T18:00:00,2025-10-10T02:00:00,homme,37,1.89,52,aguerri,normal,3,1,2
hiver,intérieur,2025-10-09T18:00:00,2025-10-10T02:00:00,homme,23,1.95,70,aguerri,beaucoup,3,1,2
hiver,intérieur,2025-10-09T18:00:00,2025-10-10T02:00:00,homme,30,1.57,84,régulier,normal,3,1,2
hiver,extérieur,2025-08-26T19:00:00,2025-08-27T03:00:00,homme,47,1.98,59,occasionnel,beaucoup,2,1,2
hiver,extérieur,2025-08-26T19:00:00,2025-08-27T03:00:00,femme,23,1.9,50,régulier,pas du tout,2,1,2
hiver,extérieur,2025-08-26T19:00:00,2025-08-27T03:00:00,femme,41,1.84,93,régulier,beaucoup,2,1,2
hiver,extérieur,2025-08-26T19:00:00,2025-08-27T03:00:00,femme,24,1.84,80,occasionnel,normal,2,1,2
hiver,extérieur,2025-08-26T19:00:00,2025-08-27T03:00:00,homme,59,1.53,79,aguerri,normal,2,1,2
automne,intérieur,2025-03-02T17:00:00,2025-03-02T22:00:00,homme,24,1.62,84,occasionnel,beaucoup,3,1,2
automne,intérieur,2025-03-02T17:00:00,2025-03-02T22:00:00,femme,41,1.84,97,aguerri,beaucoup,3,1,2
automne,intérieur,2025-03-02T17:00:00,2025-03-02T22:00:00,homme,44,1.83,81,aguerri,beaucoup,3,1,2
automne,intérieur,2025-03-02T17:00:00,2025-03-02T22:00:00,femme,20,1.85,63,régulier,beaucoup,3,1,2
automne,intérieur,2025-03-02T17:00:00,2025-03-02T22:00:00,homme,41,1.55,93,régulier,normal,3,1,2
automne,intérieur,2025-03-02T17:00:00,2025-03-02T22:00:00,homme,43,1.64,57,régulier,pas du tout,3,1,2
hiver,intérieur,2025-01-26T19:00:00,2025-01-26T23:00:00,homme,22,1.91,85,occasionnel,peu,1,2,2
hiver,intérieur,2025-01-26T19:00:00,2025-01-26T23:00:00,homme,39,1.89,100,aguerri,pas du tout,1,2,2
hiver,intérieur,2025-01-26T19:00:00,2025-01-26T23:00:00,femme,27,1.99,84,régulier,peu,1,2,2
hiver,intérieur,2025-01-26T19:00:00,2025-01-26T23:00:00,homme,60,1.93,58,occasionnel,normal,1,2,2
hiver,extérieur,2025-01-06T19:00:00,2025-01-06T22:00:00,femme,51,1.56,54,régulier,beaucoup,1,2,2
hiver,extérieur,2025-01-06T19:00:00,2025-01-06T22:00:00,femme,50,1.8,78,aguerri,peu,1,2,2
hiver,extérieur,2025-01-06T19:00:00,2025-01-06T22:00:00,homme,60,1.76,79,aguerri,pas du tout,1,2,2
hiver,extérieur,2025-01-06T19:00:00,2025-01-06T22:00:00,homme,48,1.92,77,aguerri,pas du tout,1,2,2
automne,extérieur,2025-02-03T19:00:00,2025-02-04T02:00:00,homme,26,1.64,90,aguerri,normal,3,1,2
automne,extérieur,2025-02-03T19:00:00,2025-02-04T02:00:00,femme,56,1.77,79,aguerri,beaucoup,3,1,2
automne,extérieur,2025-02-03T19:00:00,2025-02-04T02:00:00,homme,25,1.93,91,aguerri,peu,3,1,2
automne,extérieur,2025-02-03T19:00:00,2025-02-04T02:00:00,femme,46,1.94,76,régulier,beaucoup,3,1,2
automne,extérieur,2025-12-04T19:00:00,2025-12-05T01:00:00,femme,41,1.98,93,régulier,pas du tout,2,2,2
automne,extérieur,2025-12-04T19:00:00,2025-12-05T01:00:00,homme,23,1.55,56,aguerri,normal,2,2,2
automne,extérieur,2025-12-04T19:00:00,2025-12-05T01:00:00,homme,53,1.53,85,aguerri,normal,2,2,2
automne,extérieur,2025-12-04T19:00:00,2025-12-05T01:00:00,homme,44,1.68,92,régulier,pas du tout,2,2,2
automne,extérieur,2025-12-04T19:00:00,2025-12-05T01:00:00,femme,56,1.66,56,aguerri,peu,2,2,2
hiver,extérieur,2025-04-28T17:00:00,2025-04-28T22:00:00,femme,25,1.88,86,occasionnel,beaucoup,2,1,2
hiver,extérieur,2025-04-28T17:00:00,2025-04-28T22:00:00,homme,56,1.96,94,régulier,pas du tout,2,1,2
hiver,extérieur,2025-04-28T17:00:00,2025-04-28T22:00:00,homme,35,1.85,69,régulier,normal,2,1,2
hiver,extérieur,2025-04-28T17:00:00,2025-04-28T22:00:00,homme,29,1.93,86,aguerri,beaucoup,2,1,2
hiver,extérieur,2025-04-28T17:00:00,2025-04-28T22:00:00,homme,27,1.87,51,occasionnel,peu,2,1,2
hiver,extérieur,2025-04-28T17:00:00,2025-04-28T22:00:00,femme,44,1.73,60,régulier,normal,2,1,2
hiver,extérieur,2025-04-28T17:00:00,2025-04-28T22:00:00,femme,54,1.8,53,occasionnel,peu,2,1,2
été,intérieur,2025-05-15T20:00:00,2025-05-16T02:00:00,femme,44,1.64,98,aguerri,pas du tout,2,1,2
été,intérieur,2025-05-15T20:00:00,2025-05-16T02:00:00,femme,45,1.56,93,aguerri,beaucoup,2,1,2
été,intérieur,2025-05-15T20:00:00,2025-05-16T02:00:00,femme,20,1.61,88,occasionnel,pas du tout,2,1,2
été,intérieur,2025-05-15T20:00:00,2025-05-16T02:00:00,homme,37,1.97,99,occasionnel,normal,2,1,2
été,intérieur,2025-05-15T20:00:00,2025-05-16T02:00:00,femme,38,1.56,81,aguerri,beaucoup,2,1,2
été,intérieur,2025-05-15T20:00:00,2025-05-16T02:00:00,homme,26,1.69,95,occasionnel,normal,2,1,2
été,intérieur,2025-05-15T20:00:00,2025-05-16T02:00:00,homme,43,1.93,52,régulier,pas du tout,2,1,2
automne,intérieur,2025-06-19T20:00:00,2025-06-20T03:00:00,femme,36,1.56,51,régulier,peu,1,1,2
automne,intérieur,2025-06-19T20:00:00,2025-06-20T03:00:00,femme,41,1.54,56,occasionnel,beaucoup,1,1,2
automne,intérieur,2025-06-19T20:00:00,2025-06-20T03:00:00,femme,51,1.54,69,aguerri,normal,1,1,2
automne,intérieur,2025-06-19T20:00:00,2025-06-20T03:00:00,homme,39,1.89,54,aguerri,pas du tout,1,1,2
automne,intérieur,2025-06-19T20:00:00,2025-06-20T03:00:00,homme,40,1.68,91,occasionnel,peu,1,1,2
automne,intérieur,2025-06-19T20:00:00,2025-06-20T03:00:00,homme,27,1.63,61,aguerri,peu,1,1,2
été,intérieur,2025-11-16T20:00:00,2025-11-17T03:00:00,femme,54,1.82,89,régulier,normal,2,1,2
été,intérieur,2025-11-16T20:00:00,2025-11-17T03:00:00,homme,46,1.53,78,aguerri,normal,2,1,2
été,intérieur,2025-11-16T20:00:00,2025-11-17T03:00:00,femme,55,1.53,82,occasionnel,normal,2,1,2
été,intérieur,2025-11-16T20:00:00,2025-11-17T03:00:00,femme,46,1.52,73,régulier,pas du tout,2,1,2
été,intérieur,2025-11-16T20:00:00,2025-11-17T03:00:00,homme,57,1.8,74,régulier,pas du tout,2,1,2
été,intérieur,2025-11-16T20:00:00,2025-11-17T03:00:00,femme,54,1.83,70,aguerri,beaucoup,2,1,2
été,intérieur,2025-11-16T20:00:00,2025-11-17T03:00:00,homme,21,1.73,71,aguerri,pas du tout,2,1,2
hiver,intérieur,2025-04-23T20:00:00,2025-04-24T02:00:00,homme,41,1.69,68,régulier,beaucoup,2,1,2
hiver,intérieur,2025-04-23T20:00:00,2025-04-24T02:00:00,femme,56,1.53,90,aguerri,normal,2,1,2
hiver,intérieur,2025-04-23T20:00:00,2025-04-24T02:00:00,homme,39,1.55,93,régulier,normal,2,1,2
hiver,intérieur,2025-04-23T20:00:00,2025-04-24T02:00:00,femme,60,1.98,88,occasionnel,normal,2,1,2
hiver,intérieur,2025-04-23T20:00:00,2025-04-24T02:00:00,homme,55,1.83,72,régulier,beaucoup,2,1,2
hiver,intérieur,2025-04-23T20:00:00,2025-04-24T02:00:00,homme,56,1.85,55,régulier,beaucoup,2,1,2
hiver,intérieur,2025-04-23T20:00:00,2025-04-24T02:00:00,femme,26,1.84,97,aguerri,pas du tout,2,1,2
automne,extérieur,2025-01-12T19:00:00,2025-01-12T23:00:00,femme,49,1.6,58,occasionnel,pas du tout,1,2,2
automne,extérieur,2025-01-12T19:00:00,2025-01-12T23:00:00,femme,24,1.75,84,aguerri,pas du tout,1,2,2
automne,extérieur,2025-01-12T19:00:00,2025-01-12T23:00:00,femme,57,1.57,74,occasionnel,peu,1,2,2
automne,extérieur,2025-01-12T19:00:00,2025-01-12T23:00:00,homme,57,1.9,60,aguerri,beaucoup,1,2,2
été,extérieur,2025-06-22T18:00:00,2025-06-23T00:00:00,femme,46,1.62,65,régulier,beaucoup,2,1,2
été,extérieur,2025-06-22T18:00:00,2025-06-23T00:00:00,homme,41,1.84,86,régulier,beaucoup,2,1,2
été,extérieur,2025-06-22T18:00:00,2025-06-23T00:00:00,femme,42,1.75,76,occasionnel,peu,2,1,2
été,extérieur,2025-06-22T18:00:00,2025-06-23T00:00:00,homme,34,1.53,80,régulier,pas du tout,2,1,2
été,extérieur,2025-06-22T18:00:00,2025-06-23T00:00:00,homme,36,1.54,60,régulier,beaucoup,2,1,2
été,extérieur,2025-06-22T18:00:00,2025-06-23T00:00:00,homme,45,1.55,64,régulier,normal,2,1,2
été,extérieur,2025-06-22T18:00:00,2025-06-23T00:00:00,homme,44,1.53,82,régulier,peu,2,1,2
automne,intérieur,2025-06-08T17:00:00,2025-06-08T22:00:00,femme,27,1.57,68,régulier,peu,2,1,2
automne,intérieur,2025-06-08T17:00:00,2025-06-08T22:00:00,femme,46,1.81,55,occasionnel,normal,2,1,2
automne,intérieur,2025-06-08T17:00:00,2025-06-08T22:00:00,homme,27,1.77,96,aguerri,beaucoup,2,1,2
été,extérieur,2025-04-10T17:00:00,2025-04-10T20:00:00,femme,58,1.9,79,occasionnel,pas du tout,1,2,2
été,extérieur,2025-04-10T17:00:00,2025-04-10T20:00:00,femme,56,1.77,90,aguerri,peu,1,2,2
été,extérieur,2025-04-10T17:00:00,2025-04-10T20:00:00,homme,36,1.71,89,régulier,peu,1,2,2
été,extérieur,2025-04-10T17:00:00,2025-04-10T20:00:00,femme,29,1.83,55,aguerri,normal,1,2,2
été,intérieur,2025-07-28T20:00:00,2025-07-28T23:00:00,femme,41,1.63,51,régulier,pas du tout,1,1,2
été,intérieur,2025-07-28T20:00:00,2025-07-28T23:00:00,femme,33,1.87,90,occasionnel,normal,1,1,2
été,intérieur,2025-07-28T20:00:00,2025-07-28T23:00:00,homme,20,1.68,71,aguerri,peu,1,1,2
été,intérieur,2025-07-28T20:00:00,2025-07-28T23:00:00,femme,48,1.82,58,occasionnel,beaucoup,1,1,2
été,intérieur,2025-07-28T20:00:00,2025-07-28T23:00:00,homme,36,1.6,100,occasionnel,pas du tout,1,1,2
été,intérieur,2025-07-28T20:00:00,2025-07-28T23:00:00,femme,37,1.76,84,régulier,normal,1,1,2
été,intérieur,2025-07-28T20:00:00,2025-07-28T23:00:00,homme,59,1.6,72,occasionnel,normal,1,1,2
été,intérieur,2025-07-28T20:00:00,2025-07-28T23:00:00,femme,25,1.9,77,régulier,beaucoup,1,1,2
automne,extérieur,2025-03-16T20:00:00,2025-03-17T01:00:00,femme,23,1.86,55,régulier,peu,2,1,2
automne,extérieur,2025-03-16T20:00:00,2025-03-17T01:00:00,femme,38,1.55,70,aguerri,normal,2,1,2
automne,extérieur,2025-03-16T20:00:00,2025-03-17T01:00:00,femme,46,1.8,77,occasionnel,beaucoup,2,1,2
automne,extérieur,2025-03-16T20:00:00,2025-03-17T01:00:00,femme,46,1.52,72,aguerri,beaucoup,2,1,2
automne,extérieur,2025-03-16T20:00:00,2025-03-17T01:00:00,femme,58,1.99,53,occasionnel,beaucoup,2,1,2
automne,extérieur,2025-03-16T20:00:00,2025-03-17T01:00:00,femme,50,1.9,93,occasionnel,pas du tout,2,1,2
automne,extérieur,2025-03-16T20:00:00,2025-03-17T01:00:00,homme,56,1.84,78,occasionnel,peu,2,1,2
été,intérieur,2025-11-12T19:00:00,2025-11-13T01:00:00,homme,56,1.58,78,régulier,normal,2,1,2
été,intérieur,2025-11-12T19:00:00,2025-11-13T01:00:00,femme,22,1.79,83,régulier,beaucoup,2,1,2
été,intérieur,2025-11-12T19:00:00,2025-11-13T01:00:00,femme,59,1.64,57,occasionnel,peu,2,1,2
été,intérieur,2025-11-12T19:00:00,2025-11-13T01:00:00,femme,51,1.69,85,occasionnel,normal,2,1,2
été,intérieur,2025-11-12T19:00:00,2025-11-13T01:00:00,femme,46,1.61,89,régulier,beaucoup,2,1,2
été,intérieur,2025-11-12T19:00:00,2025-11-13T01:00:00,homme,25,1.57,54,régulier,peu,2,1,2
été,intérieur,2025-11-12T19:00:00,2025-11-13T01:00:00,femme,23,1.91,70,aguerri,normal,2,1,2
été,extérieur,2025-05-28T18:00:00,2025-05-29T02:00:00,homme,41,1.75,57,occasionnel,peu,1,1,2
été,extérieur,2025-05-28T18:00:00,2025-05-29T02:00:00,homme,49,1.51,85,aguerri,normal,1,1,2
été,extérieur,2025-05-28T18:00:00,2025-05-29T02:00:00,femme,53,1.56,55,occasionnel,normal,1,1,2
été,extérieur,2025-05-28T18:00:00,2025-05-29T02:00:00,femme,48,1.76,99,régulier,pas du tout,1,1,2
été,extérieur,2025-05-28T18:00:00,2025-05-29T02:00:00,homme,38,1.82,78,régulier,normal,1,1,2
été,extérieur,2025-05-28T18:00:00,2025-05-29T02:00:00,homme,53,1.82,61,occasionnel,beaucoup,1,1,2
été,extérieur,2025-05-28T18:00:00,2025-05-29T02:00:00,homme,25,1.76,69,occasionnel,peu,1,1,2
été,extérieur,2025-05-28T18:00:00,2025-05-29T02:00:00,femme,32,1.67,83,régulier,pas du tout,1,1,2
printemps,intérieur,2025-11-18T19:00:00,2025-11-18T23:00:00,femme,57,1.77,82,aguerri,peu,2,1,2
printemps,intérieur,2025-11-18T19:00:00,2025-11-18T23:00:00,homme,28,1.83,96,aguerri,normal,2,1,2
printemps,intérieur,2025-11-18T19:00:00,2025-11-18T23:00:00,homme,19,1.54,91,aguerri,normal,2,1,2
printemps,intérieur,2025-11-18T19:00:00,2025-11-18T23:00:00,homme,54,1.71,90,occasionnel,beaucoup,2,1,2
printemps,intérieur,2025-11-18T19:00:00,2025-11-18T23:00:00,femme,59,1.98,80,occasionnel,beaucoup,2,1,2
printemps,intérieur,2025-11-18T19:00:00,2025-11-18T23:00:00,femme,47,1.54,53,occasionnel,beaucoup,2,1,2
printemps,intérieur,2025-11-18T19:00:00,2025-11-18T23:00:00,femme,48,1.73,71,aguerri,peu,2,1,2
printemps,intérieur,2025-11-18T19:00:00,2025-11-18T23:00:00,femme,38,1.87,72,régulier,peu,2,1,2
printemps,intérieur,2025-06-08T20:00:00,2025-06-08T23:00:00,femme,33,1.57,53,régulier,beaucoup,3,1,2
printemps,intérieur,2025-06-08T20:00:00,2025-06-08T23:00:00,femme,33,1.98,60,régulier,normal,3,1,2
printemps,intérieur,2025-06-08T20:00:00,2025-06-08T23:00:00,homme,28,1.75,82,régulier,beaucoup,3,1,2
printemps,intérieur,2025-06-08T20:00:00,2025-06-08T23:00:00,femme,49,1.51,75,aguerri,beaucoup,3,1,2
printemps,intérieur,2025-06-08T20:00:00,2025-06-08T23:00:00,homme,31,1.79,53,occasionnel,normal,3,1,2
automne,extérieur,2025-05-18T17:00:00,2025-05-18T20:00:00,homme,34,1.86,98,régulier,normal,2,1,2
automne,extérieur,2025-05-18T17:00:00,2025-05-18T20:00:00,homme,43,1.53,85,occasionnel,normal,2,1,2
automne,extérieur,2025-05-18T17:00:00,2025-05-18T20:00:00,femme,22,1.69,78,aguerri,normal,2,1,2
automne,extérieur,2025-05-18T17:00:00,2025-05-18T20:00:00,homme,26,1.99,75,régulier,normal,2,1,2
automne,extérieur,2025-05-18T17:00:00,2025-05-18T20:00:00,femme,27,1.6,82,régulier,pas du tout,2,1,2
automne,extérieur,2025-05-18T17:00:00,2025-05-18T20:00:00,homme,20,1.57,71,régulier,beaucoup,2,1,2
hiver,intérieur,2025-06-20T19:00:00,2025-06-20T23:00:00,femme,55,1.67,82,aguerri,beaucoup,2,1,2
hiver,intérieur,2025-06-20T19:00:00,2025-06-20T23:00:00,femme,48,1.91,73,régulier,pas du tout,2,1,2
hiver,intérieur,2025-06-20T19:00:00,2025-06-20T23:00:00,femme,55,1.65,96,aguerri,pas du tout,2,1,2
hiver,intérieur,2025-06-20T19:00:00,2025-06-20T23:00:00,femme,34,1.98,100,aguerri,peu,2,1,2
hiver,intérieur,2025-06-20T19:00:00,2025-06-20T23:00:00,homme,55,1.74,83,aguerri,beaucoup,2,1,2
hiver,intérieur,2025-06-20T19:00:00,2025-06-20T23:00:00,homme,33,1.52,94,occasionnel,peu,2,1,2
été,extérieur,2025-06-14T18:00:00,2025-06-15T00:00:00,homme,44,1.75,89,régulier,pas du tout,3,1,2
été,extérieur,2025-06-14T18:00:00,2025-06-15T00:00:00,homme,51,1.6,70,aguerri,beaucoup,3,1,2
été,extérieur,2025-06-14T18:00:00,2025-06-15T00:00:00,femme,38,1.98,79,aguerri,normal,3,1,2
été,extérieur,2025-06-14T18:00:00,2025-06-15T00:00:00,femme,59,1.9,66,aguerri,beaucoup,3,1,2
été,extérieur,2025-06-14T18:00:00,2025-06-15T00:00:00,homme,33,1.64,69,occasionnel,normal,3,1,2
été,extérieur,2025-06-14T18:00:00,2025-06-15T00:00:00,femme,31,1.85,81,régulier,beaucoup,3,1,2
été,extérieur,2025-06-14T18:00:00,2025-06-15T00:00:00,femme,53,1.97,100,aguerri,normal,3,1,2
été,extérieur,2025-06-14T18:00:00,2025-06-15T00:00:00,femme,25,1.79,84,régulier,beaucoup,3,1,2
printemps,intérieur,2025-05-02T19:00:00,2025-05-03T03:00:00,femme,46,1.83,97,régulier,peu,2,1,2
printemps,intérieur,2025-05-02T19:00:00,2025-05-03T03:00:00,homme,52,1.64,85,aguerri,normal,2,1,2
printemps,intérieur,2025-05-02T19:00:00,2025-05-03T03:00:00,homme,24,1.81,87,occasionnel,peu,2,1,2
été,intérieur,2025-11-08T17:00:00,2025-11-08T20:00:00,femme,48,1.55,99,occasionnel,pas du tout,1,1,2
été,intérieur,2025-11-08T17:00:00,2025-11-08T20:00:00,homme,44,1.83,80,régulier,peu,1,1,2
été,intérieur,2025-11-08T17:00:00,2025-11-08T20:00:00,femme,38,1.64,53,occasionnel,peu,1,1,2
été,intérieur,2025-11-08T17:00:00,2025-11-08T20:00:00,homme,29,1.71,61,occasionnel,beaucoup,1,1,2
été,intérieur,2025-11-08T17:00:00,2025-11-08T20:00:00,femme,29,1.97,68,occasionnel,pas du tout,1,1,2
été,intérieur,2025-11-08T17:00:00,2025-11-08T20:00:00,femme,54,1.8,71,régulier,beaucoup,1,1,2
automne,intérieur,2025-09-15T19:00:00,2025-09-15T23:00:00,femme,28,1.87,91,régulier,peu,2,1,2
automne,intérieur,2025-09-15T19:00:00,2025-09-15T23:00:00,homme,39,1.9,86,aguerri,peu,2,1,2
automne,intérieur,2025-09-15T19:00:00,2025-09-15T23:00:00,homme,57,1.93,75,régulier,normal,2,1,2
été,extérieur,2025-11-04T18:00:00,2025-11-04T22:00:00,femme,33,1.5,74,occasionnel,beaucoup,1,1,2
été,extérieur,2025-11-04T18:00:00,2025-11-04T22:00:00,femme,39,1.65,96,aguerri,pas du tout,1,1,2
été,extérieur,2025-11-04T18:00:00,2025-11-04T22:00:00,femme,59,1.68,65,occasionnel,pas du tout,1,1,2
été,extérieur,2025-11-04T18:00:00,2025-11-04T22:00:00,femme,37,1.58,93,aguerri,normal,1,1,2
été,extérieur,2025-11-04T18:00:00,2025-11-04T22:00:00,homme,58,1.96,68,régulier,peu,1,1,2
été,extérieur,2025-11-04T18:00:00,2025-11-04T22:00:00,homme,26,1.74,79,aguerri,normal,1,1,2
automne,extérieur,2025-09-26T18:00:00,2025-09-26T22:00:00,homme,51,1.72,95,régulier,pas du tout,1,1,2
automne,extérieur,2025-09-26T18:00:00,2025-09-26T22:00:00,homme,21,1.91,82,occasionnel,peu,1,1,2
automne,extérieur,2025-09-26T18:00:00,2025-09-26T22:00:00,homme,38,1.93,78,occasionnel,peu,1,1,2
automne,extérieur,2025-09-26T18:00:00,2025-09-26T22:00:00,femme,23,1.95,78,occasionnel,beaucoup,1,1,2
automne,extérieur,2025-09-26T18:00:00,2025-09-26T22:00:00,homme,50,1.71,86,occasionnel,beaucoup,1,1,2
automne,extérieur,2025-09-26T18:00:00,2025-09-26T22:00:00,femme,19,1.7,50,aguerri,peu,1,1,2
automne,extérieur,2025-09-26T18:00:00,2025-09-26T22:00:00,homme,20,1.71,94,occasionnel,pas du tout,1,1,2
automne,extérieur,2025-09-26T18:00:00,2025-09-26T22:00:00,homme,48,1.52,76,occasionnel,peu,1,1,2
automne,extérieur,2025-07-15T20:00:00,2025-07-16T02:00:00,homme,59,1.93,57,occasionnel,beaucoup,1,1,2
automne,extérieur,2025-07-15T20:00:00,2025-07-16T02:00:00,homme,32,1.92,98,occasionnel,normal,1,1,2
automne,extérieur,2025-07-15T20:00:00,2025-07-16T02:00:00,femme,52,1.71,74,occasionnel,peu,1,1,2
automne,extérieur,2025-03-09T18:00:00,2025-03-10T02:00:00,homme,60,1.71,99,occasionnel,peu,1,2,2
automne,extérieur,2025-03-09T18:00:00,2025-03-10T02:00:00,homme,22,1.55,52,régulier,pas du tout,1,2,2
automne,extérieur,2025-03-09T18:00:00,2025-03-10T02:00:00,homme,20,1.7,64,aguerri,peu,1,2,2
été,intérieur,2025-09-10T18:00:00,2025-09-11T02:00:00,femme,54,1.8,93,régulier,peu,2,1,2
été,intérieur,2025-09-10T18:00:00,2025-09-11T02:00:00,femme,27,1.99,83,occasionnel,beaucoup,2,1,2
été,intérieur,2025-09-10T18:00:00,2025-09-11T02:00:00,femme,35,1.53,87,aguerri,peu,2,1,2
été,intérieur,2025-09-10T18:00:00,2025-09-11T02:00:00,femme,53,1.75,72,aguerri,beaucoup,2,1,2
été,intérieur,2025-09-10T18:00:00,2025-09-11T02:00:00,femme,44,1.7,69,régulier,peu,2,1,2
été,intérieur,2025-09-10T18:00:00,2025-09-11T02:00:00,femme,33,1.92,69,aguerri,peu,2,1,2
été,intérieur,2025-09-10T18:00:00,2025-09-11T02:00:00,femme,21,1.78,76,aguerri,peu,2,1,2
automne,intérieur,2025-05-07T19:00:00,2025-05-08T03:00:00,femme,41,1.55,96,occasionnel,pas du tout,0,2,2
automne,intérieur,2025-05-07T19:00:00,2025-05-08T03:00:00,femme,42,1.84,88,occasionnel,pas du tout,0,2,2
automne,intérieur,2025-05-07T19:00:00,2025-05-08T03:00:00,homme,55,1.86,85,occasionnel,beaucoup,0,2,2
hiver,extérieur,2025-05-01T18:00:00,2025-05-01T22:00:00,homme,48,1.96,94,aguerri,peu,2,1,2
hiver,extérieur,2025-05-01T18:00:00,2025-05-01T22:00:00,femme,33,1.78,99,régulier,beaucoup,2,1,2
hiver,extérieur,2025-05-01T18:00:00,2025-05-01T22:00:00,femme,52,1.82,69,régulier,normal,2,1,2
hiver,extérieur,2025-05-01T18:00:00,2025-05-01T22:00:00,femme,47,1.55,96,régulier,normal,2,1,2
hiver,extérieur,2025-05-01T18:00:00,2025-05-01T22:00:00,homme,41,1.66,52,aguerri,peu,2,1,2
hiver,extérieur,2025-05-01T18:00:00,2025-05-01T22:00:00,homme,19,1.63,87,aguerri,beaucoup,2,1,2
hiver,extérieur,2025-05-01T18:00:00,2025-05-01T22:00:00,femme,27,1.6,64,régulier,peu,2,1,2
hiver,extérieur,2025-05-01T18:00:00,2025-05-01T22:00:00,femme,53,1.83,93,régulier,normal,2,1,2
automne,extérieur,2025-08-06T19:00:00,2025-08-06T23:00:00,femme,29,1.96,84,aguerri,pas du tout,0,2,2
automne,extérieur,2025-08-06T19:00:00,2025-08-06T23:00:00,homme,22,1.97,92,occasionnel,pas du tout,0,2,2
automne,extérieur,2025-08-06T19:00:00,2025-08-06T23:00:00,femme,26,1.92,64,occasionnel,peu,0,2,2
automne,extérieur,2025-08-06T19:00:00,2025-08-06T23:00:00,homme,31,1.75,73,occasionnel,beaucoup,0,2,2
automne,intérieur,2025-01-18T21:00:00,2025-01-19T03:00:00,homme,51,1.86,84,régulier,pas du tout,1,2,2
automne,intérieur,2025-01-18T21:00:00,2025-01-19T03:00:00,femme,29,1.55,56,aguerri,peu,1,2,2
automne,intérieur,2025-01-18T21:00:00,2025-01-19T03:00:00,homme,30,1.81,66,régulier,normal,1,2,2
automne,intérieur,2025-06-13T20:00:00,2025-06-14T03:00:00,homme,37,1.84,55,aguerri,pas du tout,1,1,2
automne,intérieur,2025-06-13T20:00:00,2025-06-14T03:00:00,homme,43,1.69,85,régulier,pas du tout,1,1,2
automne,intérieur,2025-06-13T20:00:00,2025-06-14T03:00:00,homme,28,1.54,77,aguerri,normal,1,1,2
automne,intérieur,2025-06-13T20:00:00,2025-06-14T03:00:00,homme,51,1.96,64,occasionnel,beaucoup,1,1,2
printemps,intérieur,2025-02-22T19:00:00,2025-02-23T02:00:00,homme,29,1.96,70,occasionnel,peu,2,1,2
printemps,intérieur,2025-02-22T19:00:00,2025-02-23T02:00:00,homme,43,1.96,69,occasionnel,peu,2,1,2
printemps,intérieur,2025-02-22T19:00:00,2025-02-23T02:00:00,femme,52,1.67,98,aguerri,peu,2,1,2
printemps,intérieur,2025-02-22T19:00:00,2025-02-23T02:00:00,homme,50,1.87,72,occasionnel,pas du tout,2,1,2
printemps,intérieur,2025-02-22T19:00:00,2025-02-23T02:00:00,femme,32,1.92,71,aguerri,beaucoup,2,1,2
printemps,intérieur,2025-02-22T19:00:00,2025-02-23T02:00:00,femme,19,1.82,100,régulier,beaucoup,2,1,2
printemps,intérieur,2025-02-22T19:00:00,2025-02-23T02:00:00,homme,40,1.78,74,régulier,peu,2,1,2
automne,intérieur,2025-10-10T18:00:00,2025-10-11T02:00:00,homme,35,1.58,95,aguerri,peu,1,2,2
automne,intérieur,2025-10-10T18:00:00,2025-10-11T02:00:00,femme,38,1.68,55,occasionnel,normal,1,2,2
automne,intérieur,2025-10-10T18:00:00,2025-10-11T02:00:00,femme,41,1.88,56,occasionnel,pas du tout,1,2,2
hiver,extérieur,2025-08-18T21:00:00,2025-08-19T04:00:00,homme,19,1.54,85,occasionnel,normal,1,1,2
hiver,extérieur,2025-08-18T21:00:00,2025-08-19T04:00:00,femme,18,1.65,74,occasionnel,peu,1,1,2
hiver,extérieur,2025-08-18T21:00:00,2025-08-19T04:00:00,homme,42,1.58,67,régulier,normal,1,1,2
hiver,extérieur,2025-08-18T21:00:00,2025-08-19T04:00:00,femme,27,1.53,77,régulier,beaucoup,1,1,2
hiver,extérieur,2025-08-18T21:00:00,2025-08-19T04:00:00,femme,48,1.89,73,régulier,peu,1,1,2
hiver,extérieur,2025-08-18T21:00:00,2025-08-19T04:00:00,femme,56,1.81,79,occasionnel,peu,1,1,2
printemps,intérieur,2025-07-11T21:00:00,2025-07-12T03:00:00,femme,39,1.72,91,aguerri,peu,2,1,2
printemps,intérieur,2025-07-11T21:00:00,2025-07-12T03:00:00,femme,38,1.8,94,occasionnel,beaucoup,2,1,2
printemps,intérieur,2025-07-11T21:00:00,2025-07-12T03:00:00,femme,29,1.98,70,régulier,beaucoup,2,1,2
printemps,intérieur,2025-07-11T21:00:00,2025-07-12T03:00:00,homme,38,1.69,100,régulier,normal,2,1,2
printemps,intérieur,2025-07-11T21:00:00,2025-07-12T03:00:00,homme,54,1.6,84,occasionnel,pas du tout,2,1,2
automne,intérieur,2025-08-26T19:00:00,2025-08-27T03:00:00,femme,49,1.57,69,occasionnel,normal,1,1,2
automne,intérieur,2025-08-26T19:00:00,2025-08-27T03:00:00,homme,45,1.89,54,régulier,beaucoup,1,1,2
automne,intérieur,2025-08-26T19:00:00,2025-08-27T03:00:00,femme,52,1.75,94,régulier,pas du tout,1,1,2
printemps,intérieur,2025-02-25T18:00:00,2025-02-26T02:00:00,femme,28,1.82,52,aguerri,beaucoup,2,1,2
printemps,intérieur,2025-02-25T18:00:00,2025-02-26T02:00:00,femme,45,1.55,56,régulier,peu,2,1,2
printemps,intérieur,2025-02-25T18:00:00,2025-02-26T02:00:00,homme,46,1.69,79,aguerri,peu,2,1,2
printemps,intérieur,2025-02-25T18:00:00,2025-02-26T02:00:00,femme,19,1.74,68,régulier,pas du tout,2,1,2
printemps,intérieur,2025-02-25T18:00:00,2025-02-26T02:00:00,homme,27,1.67,71,régulier,peu,2,1,2
printemps,intérieur,2025-02-25T18:00:00,2025-02-26T02:00:00,femme,40,1.74,78,aguerri,beaucoup,2,1,2
printemps,intérieur,2025-02-25T18:00:00,2025-02-26T02:00:00,femme,22,1.65,95,occasionnel,pas du tout,2,1,2
printemps,intérieur,2025-02-25T18:00:00,2025-02-26T02:00:00,femme,59,1.55,60,aguerri,peu,2,1,2
hiver,intérieur,2025-06-18T20:00:00,2025-06-19T02:00:00,femme,58,1.59,90,aguerri,beaucoup,2,1,2
hiver,intérieur,2025-06-18T20:00:00,2025-06-19T02:00:00,femme,19,1.87,62,régulier,beaucoup,2,1,2
hiver,intérieur,2025-06-18T20:00:00,2025-06-19T02:00:00,femme,18,1.85,63,régulier,pas du tout,2,1,2
hiver,intérieur,2025-06-18T20:00:00,2025-06-19T02:00:00,homme,52,1.59,70,occasionnel,beaucoup,2,1,2
été,extérieur,2025-11-28T20:00:00,2025-11-29T03:00:00,femme,56,1.69,75,aguerri,pas du tout,1,1,2
été,extérieur,2025-11-28T20:00:00,2025-11-29T03:00:00,femme,40,1.92,89,occasionnel,normal,1,1,2
été,extérieur,2025-11-28T20:00:00,2025-11-29T03:00:00,homme,26,1.66,65,régulier,pas du tout,1,1,2
été,extérieur,2025-11-28T20:00:00,2025-11-29T03:00:00,homme,41,1.85,82,régulier,beaucoup,1,1,2
été,extérieur,2025-11-28T20:00:00,2025-11-29T03:00:00,homme,54,1.69,61,régulier,peu,1,1,2
été,extérieur,2025-11-28T20:00:00,2025-11-29T03:00:00,homme,49,1.64,61,régulier,beaucoup,1,1,2
été,extérieur,2025-11-28T20:00:00,2025-11-29T03:00:00,homme,40,1.98,81,occasionnel,peu,1,1,2
été,extérieur,2025-11-28T20:00:00,2025-11-29T03:00:00,femme,53,1.75,81,régulier,beaucoup,1,1,2
automne,extérieur,2025-08-06T17:00:00,2025-08-07T00:00:00,homme,36,1.52,64,aguerri,normal,1,2,2
automne,extérieur,2025-08-06T17:00:00,2025-08-07T00:00:00,homme,47,1.78,99,régulier,pas du tout,1,2,2
automne,extérieur,2025-08-06T17:00:00,2025-08-07T00:00:00,homme,35,1.89,73,aguerri,pas du tout,1,2,2
automne,intérieur,2025-07-04T18:00:00,2025-07-04T23:00:00,femme,34,1.67,55,régulier,pas du tout,1,2,2
automne,intérieur,2025-07-04T18:00:00,2025-07-04T23:00:00,homme,31,1.91,87,aguerri,normal,1,2,2
automne,intérieur,2025-07-04T18:00:00,2025-07-04T23:00:00,femme,28,1.81,100,occasionnel,peu,1,2,2
été,extérieur,2025-09-09T21:00:00,2025-09-10T04:00:00,femme,36,1.64,67,aguerri,pas du tout,2,1,2
été,extérieur,2025-09-09T21:00:00,2025-09-10T04:00:00,homme,44,1.96,67,aguerri,peu,2,1,2
été,extérieur,2025-09-09T21:00:00,2025-09-10T04:00:00,homme,33,1.57,70,occasionnel,beaucoup,2,1,2
été,extérieur,2025-09-09T21:00:00,2025-09-10T04:00:00,femme,27,1.79,67,aguerri,beaucoup,2,1,2
automne,extérieur,2025-02-21T17:00:00,2025-02-21T23:00:00,femme,41,1.73,81,régulier,pas du tout,1,1,2
automne,extérieur,2025-02-21T17:00:00,2025-02-21T23:00:00,homme,47,1.82,94,régulier,pas du tout,1,1,2
automne,extérieur,2025-02-21T17:00:00,2025-02-21T23:00:00,femme,31,1.98,63,régulier,normal,1,1,2
automne,extérieur,2025-02-21T17:00:00,2025-02-21T23:00:00,femme,36,1.67,86,occasionnel,beaucoup,1,1,2
automne,extérieur,2025-02-21T17:00:00,2025-02-21T23:00:00,femme,21,1.52,90,régulier,pas du tout,1,1,2
automne,extérieur,2025-02-21T17:00:00,2025-02-21T23:00:00,homme,28,1.72,50,régulier,peu,1,1,2
automne,extérieur,2025-02-21T17:00:00,2025-02-21T23:00:00,homme,59,1.65,67,occasionnel,normal,1,1,2
printemps,intérieur,2025-06-22T18:00:00,2025-06-22T21:00:00,femme,32,1.71,55,aguerri,pas du tout,1,1,2
printemps,intérieur,2025-06-22T18:00:00,2025-06-22T21:00:00,homme,31,1.74,58,aguerri,peu,1,1,2
printemps,intérieur,2025-06-22T18:00:00,2025-06-22T21:00:00,femme,18,1.5,71,occasionnel,beaucoup,1,1,2
printemps,intérieur,2025-06-22T18:00:00,2025-06-22T21:00:00,homme,48,1.54,74,occasionnel,pas du tout,1,1,2
printemps,intérieur,2025-06-22T18:00:00,2025-06-22T21:00:00,homme,38,1.68,69,occasionnel,beaucoup,1,1,2
printemps,intérieur,2025-06-22T18:00:00,2025-06-22T21:00:00,homme,59,2.0,59,occasionnel,pas du tout,1,1,2
hiver,extérieur,2025-06-24T18:00:00,2025-06-25T02:00:00,homme,44,1.81,78,occasionnel,pas du tout,2,1,2
hiver,extérieur,2025-06-24T18:00:00,2025-06-25T02:00:00,homme,26,1.88,87,aguerri,beaucoup,2,1,2
hiver,extérieur,2025-06-24T18:00:00,2025-06-25T02:00:00,femme,45,1.66,58,occasionnel,normal,2,1,2
hiver,extérieur,2025-06-24T18:00:00,2025-06-25T02:00:00,homme,33,1.78,88,aguerri,normal,2,1,2
hiver,extérieur,2025-06-24T18:00:00,2025-06-25T02:00:00,homme,60,1.94,63,aguerri,peu,2,1,2
hiver,extérieur,2025-06-24T18:00:00,2025-06-25T02:00:00,femme,36,1.82,100,occasionnel,beaucoup,2,1,2
hiver,extérieur,2025-06-24T18:00:00,2025-06-25T02:00:00,femme,25,1.62,90,aguerri,pas du tout,2,1,2
hiver,extérieur,2025-06-24T18:00:00,2025-06-25T02:00:00,homme,41,1.97,58,régulier,beaucoup,2,1,2
printemps,intérieur,2025-08-25T17:00:00,2025-08-25T20:00:00,homme,18,1.63,52,occasionnel,beaucoup,1,1,2
printemps,intérieur,2025-08-25T17:00:00,2025-08-25T20:00:00,femme,58,1.86,99,régulier,beaucoup,1,1,2
printemps,intérieur,2025-08-25T17:00:00,2025-08-25T20:00:00,femme,23,1.82,84,aguerri,peu,1,1,2
printemps,intérieur,2025-08-25T17:00:00,2025-08-25T20:00:00,femme,23,1.65,82,occasionnel,peu,1,1,2
printemps,intérieur,2025-08-25T17:00:00,2025-08-25T20:00:00,femme,43,1.79,98,aguerri,pas du tout,1,1,2
printemps,intérieur,2025-08-25T17:00:00,2025-08-25T20:00:00,femme,45,1.86,65,occasionnel,peu,1,1,2
printemps,intérieur,2025-08-25T17:00:00,2025-08-25T20:00:00,homme,45,1.56,89,aguerri,pas du tout,1,1,2
printemps,intérieur,2025-02-01T18:00:00,2025-02-02T02:00:00,homme,49,1.98,83,aguerri,normal,1,2,2
printemps,intérieur,2025-02-01T18:00:00,2025-02-02T02:00:00,homme,41,1.56,99,régulier,pas du tout,1,2,2
printemps,intérieur,2025-02-01T18:00:00,2025-02-02T02:00:00,homme,39,1.9,67,aguerri,pas du tout,1,2,2
printemps,intérieur,2025-08-15T21:00:00,2025-08-16T02:00:00,femme,54,1.58,60,régulier,pas du tout,0,2,2
printemps,intérieur,2025-08-15T21:00:00,2025-08-16T02:00:00,homme,32,1.87,50,occasionnel,pas du tout,0,2,2
printemps,intérieur,2025-08-15T21:00:00,2025-08-16T02:00:00,homme,20,1.74,74,occasionnel,peu,0,2,2
été,extérieur,2025-04-11T18:00:00,2025-04-12T00:00:00,femme,35,1.91,86,régulier,pas du tout,2,1,2
été,extérieur,2025-04-11T18:00:00,2025-04-12T00:00:00,homme,29,1.61,83,occasionnel,beaucoup,2,1,2
été,extérieur,2025-04-11T18:00:00,2025-04-12T00:00:00,homme,47,1.93,99,régulier,normal,2,1,2
été,extérieur,2025-04-11T18:00:00,2025-04-12T00:00:00,homme,53,1.73,73,occasionnel,normal,2,1,2
été,extérieur,2025-04-11T18:00:00,2025-04-12T00:00:00,femme,57,1.62,73,aguerri,beaucoup,2,1,2
été,extérieur,2025-04-11T18:00:00,2025-04-12T00:00:00,homme,52,1.88,65,occasionnel,pas du tout,2,1,2
été,extérieur,2025-04-11T18:00:00,2025-04-12T00:00:00,femme,19,1.62,72,aguerri,pas du tout,2,1,2
été,extérieur,2025-04-11T18:00:00,2025-04-12T00:00:00,femme,18,1.88,74,aguerri,normal,2,1,2
été,intérieur,2025-09-08T20:00:00,2025-09-09T02:00:00,homme,35,1.55,64,aguerri,beaucoup,2,2,2
été,intérieur,2025-09-08T20:00:00,2025-09-09T02:00:00,femme,47,1.99,55,aguerri,pas du tout,2,2,2
été,intérieur,2025-09-08T20:00:00,2025-09-09T02:00:00,homme,58,1.91,54,aguerri,pas du tout,2,2,2
automne,intérieur,2025-04-10T19:00:00,2025-04-11T00:00:00,femme,38,1.73,64,occasionnel,peu,1,1,2
automne,intérieur,2025-04-10T19:00:00,2025-04-11T00:00:00,homme,55,1.55,56,occasionnel,beaucoup,1,1,2
automne,intérieur,2025-04-10T19:00:00,2025-04-11T00:00:00,femme,38,1.7,84,régulier,peu,1,1,2
automne,intérieur,2025-04-10T19:00:00,2025-04-11T00:00:00,femme,37,1.73,57,occasionnel,peu,1,1,2
automne,intérieur,2025-04-10T19:00:00,2025-04-11T00:00:00,femme,56,1.52,70,occasionnel,pas du tout,1,1,2
automne,intérieur,2025-04-10T19:00:00,2025-04-11T00:00:00,homme,40,1.7,53,aguerri,normal,1,1,2
printemps,intérieur,2025-01-13T20:00:00,2025-01-14T03:00:00,homme,24,1.73,100,occasionnel,pas du tout,1,1,2
printemps,intérieur,2025-01-13T20:00:00,2025-01-14T03:00:00,homme,21,1.92,64,occasionnel,peu,1,1,2
printemps,intérieur,2025-01-13T20:00:00,2025-01-14T03:00:00,femme,41,1.84,91,occasionnel,normal,1,1,2
printemps,intérieur,2025-01-13T20:00:00,2025-01-14T03:00:00,homme,19,2.0,62,aguerri,beaucoup,1,1,2
printemps,intérieur,2025-01-13T20:00:00,2025-01-14T03:00:00,homme,23,1.95,71,occasionnel,pas du tout,1,1,2
printemps,intérieur,2025-01-13T20:00:00,2025-01-14T03:00:00,femme,21,1.58,86,régulier,beaucoup,1,1,2
printemps,intérieur,2025-01-13T20:00:00,2025-01-14T03:00:00,femme,19,1.69,77,occasionnel,normal,1,1,2
printemps,intérieur,2025-01-13T20:00:00,2025-01-14T03:00:00,homme,29,1.64,78,occasionnel,pas du tout,1,1,2
hiver,extérieur,2025-08-14T21:00:00,2025-08-15T03:00:00,homme,35,1.69,76,occasionnel,peu,2,1,2
hiver,extérieur,2025-08-14T21:00:00,2025-08-15T03:00:00,homme,42,1.89,72,régulier,beaucoup,2,1,2
hiver,extérieur,2025-08-14T21:00:00,2025-08-15T03:00:00,femme,54,1.75,74,régulier,peu,2,1,2
été,extérieur,2025-10-08T17:00:00,2025-10-08T22:00:00,femme,51,1.68,87,occasionnel,peu,0,2,2
été,extérieur,2025-10-08T17:00:00,2025-10-08T22:00:00,homme,33,1.83,67,aguerri,pas du tout,0,2,2
été,extérieur,2025-10-08T17:00:00,2025-10-08T22:00:00,homme,54,1.92,74,régulier,peu,0,2,2
hiver,intérieur,2025-10-11T19:00:00,2025-10-12T02:00:00,femme,54,1.78,86,occasionnel,beaucoup,1,1,2
hiver,intérieur,2025-10-11T19:00:00,2025-10-12T02:00:00,femme,29,1.75,55,occasionnel,peu,1,1,2
hiver,intérieur,2025-10-11T19:00:00,2025-10-12T02:00:00,homme,19,1.76,50,régulier,peu,1,1,2
hiver,extérieur,2025-12-06T19:00:00,2025-12-06T22:00:00,homme,55,1.85,59,occasionnel,normal,2,1,2
hiver,extérieur,2025-12-06T19:00:00,2025-12-06T22:00:00,homme,41,1.85,92,régulier,pas du tout,2,1,2
hiver,extérieur,2025-12-06T19:00:00,2025-12-06T22:00:00,femme,37,1.66,60,aguerri,beaucoup,2,1,2
automne,extérieur,2025-03-23T21:00:00,2025-03-24T05:00:00,femme,32,1.83,61,régulier,normal,2,1,2
automne,extérieur,2025-03-23T21:00:00,2025-03-24T05:00:00,femme,26,1.59,50,aguerri,beaucoup,2,1,2
automne,extérieur,2025-03-23T21:00:00,2025-03-24T05:00:00,homme,29,1.8,89,occasionnel,pas du tout,2,1,2
automne,extérieur,2025-03-23T21:00:00,2025-03-24T05:00:00,femme,27,1.67,54,occasionnel,normal,2,1,2
automne,extérieur,2025-03-23T21:00:00,2025-03-24T05:00:00,femme,28,1.82,55,aguerri,normal,2,1,2
automne,extérieur,2025-03-23T21:00:00,2025-03-24T05:00:00,femme,18,1.63,65,aguerri,pas du tout,2,1,2
automne,extérieur,2025-03-23T21:00:00,2025-03-24T05:00:00,femme,34,1.89,96,occasionnel,pas du tout,2,1,2
automne,extérieur,2025-12-14T18:00:00,2025-12-15T00:00:00,femme,40,1.77,56,régulier,peu,1,1,2
automne,extérieur,2025-12-14T18:00:00,2025-12-15T00:00:00,homme,46,1.54,52,régulier,pas du tout,1,1,2
automne,extérieur,2025-12-14T18:00:00,2025-12-15T00:00:00,femme,34,1.98,54,régulier,peu,1,1,2
automne,extérieur,2025-12-14T18:00:00,2025-12-15T00:00:00,femme,28,1.87,85,occasionnel,normal,1,1,2
automne,extérieur,2025-12-14T18:00:00,2025-12-15T00:00:00,femme,19,1.72,91,occasionnel,beaucoup,1,1,2
automne,extérieur,2025-12-14T18:00:00,2025-12-15T00:00:00,homme,21,1.55,63,occasionnel,beaucoup,1,1,2
printemps,extérieur,2025-05-08T17:00:00,2025-05-08T20:00:00,femme,27,1.53,50,régulier,pas du tout,2,1,2
printemps,extérieur,2025-05-08T17:00:00,2025-05-08T20:00:00,femme,60,1.81,80,occasionnel,pas du tout,2,1,2
printemps,extérieur,2025-05-08T17:00:00,2025-05-08T20:00:00,homme,31,1.59,68,occasionnel,beaucoup,2,1,2
printemps,extérieur,2025-05-08T17:00:00,2025-05-08T20:00:00,homme,37,1.89,80,régulier,normal,2,1,2
printemps,extérieur,2025-05-08T17:00:00,2025-05-08T20:00:00,homme,59,1.77,61,régulier,beaucoup,2,1,2
printemps,extérieur,2025-05-08T17:00:00,2025-05-08T20:00:00,femme,29,1.72,66,régulier,beaucoup,2,1,2
printemps,intérieur,2025-05-19T17:00:00,2025-05-19T21:00:00,homme,23,1.83,84,régulier,peu,2,1,2
printemps,intérieur,2025-05-19T17:00:00,2025-05-19T21:00:00,homme,42,1.91,76,aguerri,beaucoup,2,1,2
printemps,intérieur,2025-05-19T17:00:00,2025-05-19T21:00:00,homme,48,1.65,75,aguerri,pas du tout,2,1,2
printemps,intérieur,2025-05-19T17:00:00,2025-05-19T21:00:00,homme,25,1.97,78,occasionnel,peu,2,1,2
printemps,intérieur,2025-05-19T17:00:00,2025-05-19T21:00:00,homme,30,1.56,77,occasionnel,beaucoup,2,1,2
printemps,intérieur,2025-05-19T17:00:00,2025-05-19T21:00:00,homme,58,1.57,88,régulier,normal,2,1,2
printemps,intérieur,2025-05-19T17:00:00,2025-05-19T21:00:00,homme,23,1.69,75,aguerri,normal,2,1,2
printemps,intérieur,2025-05-19T17:00:00,2025-05-19T21:00:00,femme,51,1.73,50,aguerri,beaucoup,2,1,2
été,extérieur,2025-03-05T21:00:00,2025-03-06T04:00:00,homme,24,1.78,56,régulier,normal,2,1,2
été,extérieur,2025-03-05T21:00:00,2025-03-06T04:00:00,femme,34,1.69,81,aguerri,beaucoup,2,1,2
été,extérieur,2025-03-05T21:00:00,2025-03-06T04:00:00,homme,29,1.64,59,aguerri,beaucoup,2,1,2
été,extérieur,2025-03-05T21:00:00,2025-03-06T04:00:00,homme,43,1.94,71,aguerri,peu,2,1,2
été,extérieur,2025-03-05T21:00:00,2025-03-06T04:00:00,homme,48,1.96,73,occasionnel,normal,2,1,2
été,extérieur,2025-03-05T21:00:00,2025-03-06T04:00:00,femme,37,1.64,81,aguerri,pas du tout,2,1,2
été,extérieur,2025-03-05T21:00:00,2025-03-06T04:00:00,homme,26,1.65,97,régulier,normal,2,1,2
printemps,extérieur,2025-10-21T17:00:00,2025-10-21T21:00:00,homme,44,1.87,98,aguerri,normal,3,1,2
printemps,extérieur,2025-10-21T17:00:00,2025-10-21T21:00:00,homme,50,1.9,54,régulier,beaucoup,3,1,2
printemps,extérieur,2025-10-21T17:00:00,2025-10-21T21:00:00,homme,51,1.94,51,occasionnel,peu,3,1,2
printemps,extérieur,2025-10-21T17:00:00,2025-10-21T21:00:00,homme,21,1.62,79,occasionnel,normal,3,1,2
printemps,extérieur,2025-10-21T17:00:00,2025-10-21T21:00:00,homme,35,1.68,79,aguerri,beaucoup,3,1,2
printemps,extérieur,2025-10-21T17:00:00,2025-10-21T21:00:00,homme,19,1.62,81,aguerri,beaucoup,3,1,2
hiver,extérieur,2025-10-18T19:00:00,2025-10-19T00:00:00,femme,23,1.64,74,occasionnel,peu,0,2,2
hiver,extérieur,2025-10-18T19:00:00,2025-10-19T00:00:00,homme,32,1.82,93,occasionnel,normal,0,2,2
hiver,extérieur,2025-10-18T19:00:00,2025-10-19T00:00:00,femme,50,1.51,99,aguerri,pas du tout,0,2,2
hiver,extérieur,2025-10-18T19:00:00,2025-10-19T00:00:00,femme,26,1.82,88,occasionnel,peu,0,2,2
printemps,extérieur,2025-12-23T19:00:00,2025-12-24T01:00:00,femme,47,1.63,79,régulier,beaucoup,2,1,2
printemps,extérieur,2025-12-23T19:00:00,2025-12-24T01:00:00,homme,18,1.76,92,régulier,normal,2,1,2
printemps,extérieur,2025-12-23T19:00:00,2025-12-24T01:00:00,femme,24,1.74,71,régulier,normal,2,1,2
printemps,extérieur,2025-12-23T19:00:00,2025-12-24T01:00:00,femme,34,1.83,91,régulier,peu,2,1,2
printemps,extérieur,2025-12-23T19:00:00,2025-12-24T01:00:00,homme,51,1.88,53,aguerri,beaucoup,2,1,2
printemps,extérieur,2025-12-23T19:00:00,2025-12-24T01:00:00,femme,26,1.86,91,régulier,normal,2,1,2
printemps,extérieur,2025-07-13T17:00:00,2025-07-14T00:00:00,homme,39,1.86,64,aguerri,beaucoup,2,1,2
printemps,extérieur,2025-07-13T17:00:00,2025-07-14T00:00:00,femme,50,1.65,60,aguerri,peu,2,1,2
printemps,extérieur,2025-07-13T17:00:00,2025-07-14T00:00:00,femme,24,1.74,97,régulier,peu,2,1,2
printemps,extérieur,2025-07-13T17:00:00,2025-07-14T00:00:00,femme,59,1.54,72,occasionnel,normal,2,1,2
printemps,extérieur,2025-07-13T17:00:00,2025-07-14T00:00:00,femme,39,1.69,87,régulier,beaucoup,2,1,2
printemps,extérieur,2025-07-13T17:00:00,2025-07-14T00:00:00,homme,48,1.53,90,aguerri,pas du tout,2,1,2
printemps,extérieur,2025-07-13T17:00:00,2025-07-14T00:00:00,femme,30,1.75,93,régulier,normal,2,1,2
printemps,extérieur,2025-07-13T17:00:00,2025-07-14T00:00:00,femme,21,1.94,59,occasionnel,peu,2,1,2
printemps,extérieur,2025-10-15T18:00:00,2025-10-15T23:00:00,homme,23,1.74,90,occasionnel,normal,2,1,2
printemps,extérieur,2025-10-15T18:00:00,2025-10-15T23:00:00,homme,18,1.73,63,occasionnel,peu,2,1,2
printemps,extérieur,2025-10-15T18:00:00,2025-10-15T23:00:00,femme,23,1.56,77,aguerri,beaucoup,2,1,2
printemps,extérieur,2025-10-15T18:00:00,2025-10-15T23:00:00,femme,45,1.98,74,occasionnel,pas du tout,2,1,2
printemps,extérieur,2025-10-15T18:00:00,2025-10-15T23:00:00,homme,41,1.98,70,aguerri,peu,2,1,2
printemps,extérieur,2025-10-15T18:00:00,2025-10-15T23:00:00,homme,18,1.81,65,occasionnel,normal,2,1,2
printemps,extérieur,2025-10-15T18:00:00,2025-10-15T23:00:00,femme,26,1.55,82,aguerri,normal,2,1,2
printemps,extérieur,2025-10-15T18:00:00,2025-10-15T23:00:00,homme,22,1.91,69,régulier,beaucoup,2,1,2
printemps,extérieur,2025-11-05T19:00:00,2025-11-06T01:00:00,homme,28,1.97,75,occasionnel,peu,1,1,2
printemps,extérieur,2025-11-05T19:00:00,2025-11-06T01:00:00,homme,26,1.61,51,aguerri,peu,1,1,2
printemps,extérieur,2025-11-05T19:00:00,2025-11-06T01:00:00,homme,41,1.86,100,occasionnel,beaucoup,1,1,2
printemps,extérieur,2025-11-05T19:00:00,2025-11-06T01:00:00,femme,52,1.81,88,occasionnel,pas du tout,1,1,2
printemps,extérieur,2025-11-05T19:00:00,2025-11-06T01:00:00,homme,21,1.84,76,régulier,beaucoup,1,1,2
été,extérieur,2025-08-23T18:00:00,2025-08-23T22:00:00,homme,37,1.71,56,aguerri,normal,1,1,2
été,extérieur,2025-08-23T18:00:00,2025-08-23T22:00:00,homme,44,1.92,56,aguerri,pas du tout,1,1,2
été,extérieur,2025-08-23T18:00:00,2025-08-23T22:00:00,femme,25,1.89,81,occasionnel,peu,1,1,2
été,extérieur,2025-08-23T18:00:00,2025-08-23T22:00:00,femme,51,1.99,72,aguerri,beaucoup,1,1,2
été,extérieur,2025-08-23T18:00:00,2025-08-23T22:00:00,femme,28,1.52,81,occasionnel,beaucoup,1,1,2
été,extérieur,2025-08-23T18:00:00,2025-08-23T22:00:00,femme,33,1.5,92,occasionnel,pas du tout,1,1,2
été,extérieur,2025-08-23T18:00:00,2025-08-23T22:00:00,femme,27,1.97,99,aguerri,pas du tout,1,1,2
été,extérieur,2025-08-23T18:00:00,2025-08-23T22:00:00,homme,34,1.82,79,régulier,normal,1,1,2
automne,intérieur,2025-02-27T18:00:00,2025-02-27T21:00:00,femme,38,1.71,57,occasionnel,pas du tout,1,1,2
automne,intérieur,2025-02-27T18:00:00,2025-02-27T21:00:00,homme,26,1.83,60,régulier,normal,1,1,2
automne,intérieur,2025-02-27T18:00:00,2025-02-27T21:00:00,femme,57,1.63,96,occasionnel,normal,1,1,2
automne,intérieur,2025-02-27T18:00:00,2025-02-27T21:00:00,femme,29,1.56,75,régulier,normal,1,1,2
automne,intérieur,2025-02-27T18:00:00,2025-02-27T21:00:00,femme,48,1.9,91,occasionnel,pas du tout,1,1,2
hiver,intérieur,2025-03-04T20:00:00,2025-03-05T03:00:00,femme,29,1.81,99,régulier,pas du tout,1,1,2
hiver,intérieur,2025-03-04T20:00:00,2025-03-05T03:00:00,homme,48,1.96,57,régulier,beaucoup,1,1,2
hiver,intérieur,2025-03-04T20:00:00,2025-03-05T03:00:00,homme,22,1.63,70,occasionnel,peu,1,1,2
hiver,intérieur,2025-03-04T20:00:00,2025-03-05T03:00:00,femme,51,1.76,94,aguerri,pas du tout,1,1,2
hiver,intérieur,2025-03-04T20:00:00,2025-03-05T03:00:00,femme,60,1.86,80,régulier,beaucoup,1,1,2
hiver,intérieur,2025-03-04T20:00:00,2025-03-05T03:00:00,homme,53,1.95,89,occasionnel,pas du tout,1,1,2
hiver,extérieur,2025-08-28T18:00:00,2025-08-28T21:00:00,femme,33,1.67,67,occasionnel,peu,1,2,2
hiver,extérieur,2025-08-28T18:00:00,2025-08-28T21:00:00,femme,43,1.91,55,régulier,beaucoup,1,2,2
hiver,extérieur,2025-08-28T18:00:00,2025-08-28T21:00:00,femme,23,1.93,78,régulier,pas du tout,1,2,2
hiver,extérieur,2025-08-28T18:00:00,2025-08-28T21:00:00,femme,59,1.51,75,régulier,pas du tout,1,2,2
hiver,extérieur,2025-08-28T18:00:00,2025-08-28T21:00:00,homme,23,1.9,89,aguerri,normal,1,2,2
hiver,extérieur,2025-08-28T18:00:00,2025-08-28T21:00:00,homme,59,1.84,71,régulier,pas du tout,1,2,2
hiver,extérieur,2025-06-18T21:00:00,2025-06-19T04:00:00,femme,46,1.56,98,aguerri,peu,2,1,2
hiver,extérieur,2025-06-18T21:00:00,2025-06-19T04:00:00,homme,39,1.68,90,régulier,normal,2,1,2
hiver,extérieur,2025-06-18T21:00:00,2025-06-19T04:00:00,homme,20,1.95,81,occasionnel,beaucoup,2,1,2
hiver,extérieur,2025-06-18T21:00:00,2025-06-19T04:00:00,homme,34,1.81,62,occasionnel,beaucoup,2,1,2
hiver,extérieur,2025-06-18T21:00:00,2025-06-19T04:00:00,homme,47,1.91,62,aguerri,normal,2,1,2
hiver,extérieur,2025-06-18T21:00:00,2025-06-19T04:00:00,homme,44,1.52,90,aguerri,pas du tout,2,1,2
automne,extérieur,2025-11-19T21:00:00,2025-11-20T01:00:00,homme,51,1.87,85,régulier,beaucoup,2,1,2
automne,extérieur,2025-11-19T21:00:00,2025-11-20T01:00:00,homme,55,1.59,58,occasionnel,beaucoup,2,1,2
automne,extérieur,2025-11-19T21:00:00,2025-11-20T01:00:00,femme,50,1.94,76,aguerri,peu,2,1,2
automne,extérieur,2025-11-19T21:00:00,2025-11-20T01:00:00,femme,43,1.98,68,régulier,peu,2,1,2
automne,extérieur,2025-11-19T21:00:00,2025-11-20T01:00:00,homme,44,1.8,97,aguerri,normal,2,1,2
automne,extérieur,2025-11-19T21:00:00,2025-11-20T01:00:00,femme,53,1.82,62,occasionnel,normal,2,1,2
printemps,intérieur,2025-12-21T18:00:00,2025-12-22T01:00:00,femme,25,1.88,85,régulier,beaucoup,2,1,2
printemps,intérieur,2025-12-21T18:00:00,2025-12-22T01:00:00,femme,45,1.9,83,occasionnel,pas du tout,2,1,2
printemps,intérieur,2025-12-21T18:00:00,2025-12-22T01:00:00,femme,27,1.53,53,occasionnel,normal,2,1,2
printemps,intérieur,2025-12-21T18:00:00,2025-12-22T01:00:00,homme,36,1.84,59,occasionnel,normal,2,1,2
printemps,intérieur,2025-12-21T18:00:00,2025-12-22T01:00:00,homme,52,1.52,78,occasionnel,peu,2,1,2
printemps,intérieur,2025-12-21T18:00:00,2025-12-22T01:00:00,femme,33,1.76,100,aguerri,normal,2,1,2
printemps,intérieur,2025-12-21T18:00:00,2025-12-22T01:00:00,homme,42,1.69,100,aguerri,normal,2,1,2
été,intérieur,2025-12-09T18:00:00,2025-12-10T01:00:00,homme,58,1.85,91,régulier,peu,1,2,2
été,intérieur,2025-12-09T18:00:00,2025-12-10T01:00:00,homme,36,1.72,93,occasionnel,peu,1,2,2
été,intérieur,2025-12-09T18:00:00,2025-12-10T01:00:00,homme,50,1.56,52,régulier,normal,1,2,2
été,intérieur,2025-12-09T18:00:00,2025-12-10T01:00:00,femme,26,1.58,66,occasionnel,normal,1,2,2
été,intérieur,2025-12-09T18:00:00,2025-12-10T01:00:00,femme,27,1.52,70,aguerri,pas du tout,1,2,2
été,intérieur,2025-12-09T18:00:00,2025-12-10T01:00:00,femme,49,1.89,85,régulier,pas du tout,1,2,2
printemps,intérieur,2025-03-17T17:00:00,2025-03-18T00:00:00,femme,52,1.77,55,régulier,peu,1,2,2
printemps,intérieur,2025-03-17T17:00:00,2025-03-18T00:00:00,homme,60,1.67,73,régulier,peu,1,2,2
printemps,intérieur,2025-03-17T17:00:00,2025-03-18T00:00:00,femme,53,1.91,91,occasionnel,pas du tout,1,2,2
printemps,intérieur,2025-03-17T17:00:00,2025-03-18T00:00:00,femme,46,1.62,91,aguerri,peu,1,2,2
été,extérieur,2025-07-26T17:00:00,2025-07-26T23:00:00,femme,19,1.96,99,régulier,beaucoup,2,1,2
été,extérieur,2025-07-26T17:00:00,2025-07-26T23:00:00,femme,20,1.65,91,occasionnel,normal,2,1,2
été,extérieur,2025-07-26T17:00:00,2025-07-26T23:00:00,homme,24,1.58,99,aguerri,pas du tout,2,1,2
été,extérieur,2025-07-26T17:00:00,2025-07-26T23:00:00,homme,31,1.84,99,occasionnel,beaucoup,2,1,2
été,extérieur,2025-07-26T17:00:00,2025-07-26T23:00:00,homme,31,1.77,94,aguerri,beaucoup,2,1,2
été,intérieur,2025-01-15T19:00:00,2025-01-15T22:00:00,homme,21,1.59,66,aguerri,pas du tout,2,2,2
été,intérieur,2025-01-15T19:00:00,2025-01-15T22:00:00,homme,34,1.7,78,aguerri,beaucoup,2,2,2
été,intérieur,2025-01-15T19:00:00,2025-01-15T22:00:00,femme,38,1.51,93,occasionnel,pas du tout,2,2,2
été,intérieur,2025-12-28T17:00:00,2025-12-28T22:00:00,homme,36,1.89,69,aguerri,pas du tout,1,1,2
été,intérieur,2025-12-28T17:00:00,2025-12-28T22:00:00,femme,46,1.69,92,occasionnel,beaucoup,1,1,2
été,intérieur,2025-12-28T17:00:00,2025-12-28T22:00:00,homme,52,1.61,97,régulier,normal,1,1,2
été,intérieur,2025-12-28T17:00:00,2025-12-28T22:00:00,homme,37,1.84,100,aguerri,normal,1,1,2
été,intérieur,2025-12-28T17:00:00,2025-12-28T22:00:00,homme,53,1.94,59,occasionnel,pas du tout,1,1,2
été,intérieur,2025-12-28T17:00:00,2025-12-28T22:00:00,homme,54,1.8,84,aguerri,pas du tout,1,1,2
été,intérieur,2025-12-28T17:00:00,2025-12-28T22:00:00,femme,31,1.87,96,régulier,peu,1,1,2
automne,intérieur,2025-03-06T18:00:00,2025-03-07T01:00:00,homme,25,1.59,86,occasionnel,beaucoup,2,1,2
automne,intérieur,2025-03-06T18:00:00,2025-03-07T01:00:00,homme,36,1.84,66,occasionnel,peu,2,1,2
automne,intérieur,2025-03-06T18:00:00,2025-03-07T01:00:00,femme,39,1.68,92,aguerri,peu,2,1,2
automne,intérieur,2025-03-06T18:00:00,2025-03-07T01:00:00,homme,36,1.81,62,régulier,beaucoup,2,1,2
automne,intérieur,2025-03-06T18:00:00,2025-03-07T01:00:00,femme,39,1.81,69,aguerri,peu,2,1,2
printemps,extérieur,2025-07-06T17:00:00,2025-07-06T22:00:00,homme,59,1.72,73,occasionnel,normal,1,1,2
printemps,extérieur,2025-07-06T17:00:00,2025-07-06T22:00:00,femme,47,1.72,99,régulier,beaucoup,1,1,2
printemps,extérieur,2025-07-06T17:00:00,2025-07-06T22:00:00,homme,29,1.82,55,régulier,peu,1,1,2
printemps,extérieur,2025-07-06T17:00:00,2025-07-06T22:00:00,homme,34,1.87,90,occasionnel,pas du tout,1,1,2
été,intérieur,2025-10-19T20:00:00,2025-10-20T03:00:00,homme,53,1.63,84,régulier,peu,2,1,2
été,intérieur,2025-10-19T20:00:00,2025-10-20T03:00:00,femme,43,1.61,99,aguerri,normal,2,1,2
été,intérieur,2025-10-19T20:00:00,2025-10-20T03:00:00,homme,47,1.75,55,régulier,normal,2,1,2
été,intérieur,2025-10-19T20:00:00,2025-10-20T03:00:00,homme,60,1.62,89,aguerri,peu,2,1,2
hiver,extérieur,2025-03-06T21:00:00,2025-03-07T04:00:00,homme,48,1.97,52,occasionnel,beaucoup,2,1,2
hiver,extérieur,2025-03-06T21:00:00,2025-03-07T04:00:00,homme,22,1.63,64,occasionnel,peu,2,1,2
hiver,extérieur,2025-03-06T21:00:00,2025-03-07T04:00:00,femme,42,1.73,79,occasionnel,pas du tout,2,1,2
hiver,extérieur,2025-03-06T21:00:00,2025-03-07T04:00:00,femme,24,1.85,83,aguerri,normal,2,1,2
hiver,extérieur,2025-03-06T21:00:00,2025-03-07T04:00:00,femme,55,1.77,61,régulier,beaucoup,2,1,2
hiver,extérieur,2025-03-06T21:00:00,2025-03-07T04:00:00,femme,55,1.83,54,aguerri,normal,2,1,2
hiver,extérieur,2025-03-06T21:00:00,2025-03-07T04:00:00,femme,32,1.76,72,régulier,beaucoup,2,1,2
hiver,extérieur,2025-03-06T21:00:00,2025-03-07T04:00:00,femme,56,1.5,58,régulier,peu,2,1,2
hiver,intérieur,2025-09-21T19:00:00,2025-09-21T23:00:00,homme,28,1.68,95,occasionnel,peu,1,1,2
hiver,intérieur,2025-09-21T19:00:00,2025-09-21T23:00:00,femme,39,1.86,80,aguerri,beaucoup,1,1,2
hiver,intérieur,2025-09-21T19:00:00,2025-09-21T23:00:00,femme,31,1.8,91,régulier,pas du tout,1,1,2
hiver,intérieur,2025-09-21T19:00:00,2025-09-21T23:00:00,homme,20,1.56,87,occasionnel,peu,1,1,2
été,intérieur,2025-01-06T19:00:00,2025-01-06T23:00:00,femme,56,1.98,90,occasionnel,normal,1,2,2
été,intérieur,2025-01-06T19:00:00,2025-01-06T23:00:00,homme,31,1.72,80,régulier,peu,1,2,2
été,intérieur,2025-01-06T19:00:00,2025-01-06T23:00:00,homme,44,1.8,100,aguerri,peu,1,2,2
été,intérieur,2025-01-06T19:00:00,2025-01-06T23:00:00,femme,28,1.86,71,régulier,pas du tout,1,2,2
été,intérieur,2025-01-06T19:00:00,2025-01-06T23:00:00,homme,42,1.69,56,occasionnel,peu,1,2,2
été,intérieur,2025-01-06T19:00:00,2025-01-06T23:00:00,femme,27,1.8,61,régulier,pas du tout,1,2,2
été,intérieur,2025-01-06T19:00:00,2025-01-06T23:00:00,homme,23,1.74,58,aguerri,pas du tout,1,2,2
automne,extérieur,2025-06-28T17:00:00,2025-06-29T01:00:00,femme,32,1.97,80,régulier,normal,2,1,2
automne,extérieur,2025-06-28T17:00:00,2025-06-29T01:00:00,homme,45,1.57,80,occasionnel,pas du tout,2,1,2
automne,extérieur,2025-06-28T17:00:00,2025-06-29T01:00:00,femme,56,1.94,76,régulier,peu,2,1,2
automne,extérieur,2025-06-28T17:00:00,2025-06-29T01:00:00,homme,18,1.79,57,aguerri,pas du tout,2,1,2
automne,extérieur,2025-06-28T17:00:00,2025-06-29T01:00:00,femme,59,1.6,70,régulier,normal,2,1,2
automne,extérieur,2025-06-28T17:00:00,2025-06-29T01:00:00,homme,27,1.71,87,régulier,normal,2,1,2
automne,extérieur,2025-06-28T17:00:00,2025-06-29T01:00:00,femme,54,1.68,67,aguerri,beaucoup,2,1,2
hiver,extérieur,2025-09-26T21:00:00,2025-09-27T03:00:00,femme,53,1.78,66,régulier,normal,1,1,2
hiver,extérieur,2025-09-26T21:00:00,2025-09-27T03:00:00,femme,26,1.93,92,occasionnel,peu,1,1,2
hiver,extérieur,2025-09-26T21:00:00,2025-09-27T03:00:00,femme,28,1.55,82,régulier,normal,1,1,2
hiver,extérieur,2025-09-26T21:00:00,2025-09-27T03:00:00,homme,28,1.69,90,occasionnel,pas du tout,1,1,2
hiver,extérieur,2025-10-14T17:00:00,2025-10-14T20:00:00,homme,41,1.54,52,aguerri,beaucoup,2,1,2
hiver,extérieur,2025-10-14T17:00:00,2025-10-14T20:00:00,femme,57,1.83,68,aguerri,pas du tout,2,1,2
hiver,extérieur,2025-10-14T17:00:00,2025-10-14T20:00:00,homme,58,1.75,50,occasionnel,normal,2,1,2
hiver,extérieur,2025-10-14T17:00:00,2025-10-14T20:00:00,homme,20,1.89,82,aguerri,peu,2,1,2
hiver,extérieur,2025-10-14T17:00:00,2025-10-14T20:00:00,homme,20,1.68,91,occasionnel,peu,2,1,2
été,extérieur,2025-07-12T20:00:00,2025-07-13T02:00:00,homme,51,1.51,95,occasionnel,pas du tout,1,2,2
été,extérieur,2025-07-12T20:00:00,2025-07-13T02:00:00,femme,53,1.96,72,régulier,normal,1,2,2
été,extérieur,2025-07-12T20:00:00,2025-07-13T02:00:00,homme,56,1.98,79,régulier,pas du tout,1,2,2
été,extérieur,2025-07-12T20:00:00,2025-07-13T02:00:00,femme,29,1.7,56,aguerri,pas du tout,1,2,2
été,extérieur,2025-07-12T20:00:00,2025-07-13T02:00:00,femme,39,1.97,82,régulier,normal,1,2,2
été,extérieur,2025-07-12T20:00:00,2025-07-13T02:00:00,femme,42,1.78,99,occasionnel,normal,1,2,2
été,extérieur,2025-07-12T20:00:00,2025-07-13T02:00:00,femme,47,1.95,51,régulier,pas du tout,1,2,2
printemps,intérieur,2025-07-21T18:00:00,2025-07-22T02:00:00,homme,38,1.71,72,aguerri,pas du tout,2,1,2
printemps,intérieur,2025-07-21T18:00:00,2025-07-22T02:00:00,femme,33,1.64,75,aguerri,normal,2,1,2
printemps,intérieur,2025-07-21T18:00:00,2025-07-22T02:00:00,homme,53,1.97,80,régulier,normal,2,1,2
printemps,intérieur,2025-07-21T18:00:00,2025-07-22T02:00:00,homme,54,1.63,97,aguerri,peu,2,1,2
printemps,intérieur,2025-07-21T18:00:00,2025-07-22T02:00:00,femme,30,1.62,65,régulier,peu,2,1,2
printemps,intérieur,2025-07-21T18:00:00,2025-07-22T02:00:00,homme,30,1.92,89,régulier,peu,2,1,2
printemps,intérieur,2025-07-21T18:00:00,2025-07-22T02:00:00,homme,25,1.96,93,aguerri,beaucoup,2,1,2
printemps,intérieur,2025-07-21T18:00:00,2025-07-22T02:00:00,homme,52,1.98,80,régulier,normal,2,1,2
automne,extérieur,2025-08-06T21:00:00,2025-08-07T02:00:00,homme,54,1.56,83,régulier,beaucoup,2,1,2
automne,extérieur,2025-08-06T21:00:00,2025-08-07T02:00:00,homme,50,1.67,93,occasionnel,beaucoup,2,1,2
automne,extérieur,2025-08-06T21:00:00,2025-08-07T02:00:00,homme,51,1.73,94,occasionnel,pas du tout,2,1,2
automne,extérieur,2025-08-06T21:00:00,2025-08-07T02:00:00,homme,42,1.79,70,régulier,normal,2,1,2
automne,extérieur,2025-08-06T21:00:00,2025-08-07T02:00:00,homme,53,1.63,67,régulier,normal,2,1,2
automne,extérieur,2025-08-06T21:00:00,2025-08-07T02:00:00,femme,29,1.75,63,régulier,normal,2,1,2
printemps,extérieur,2025-05-15T18:00:00,2025-05-16T01:00:00,homme,24,1.86,65,aguerri,beaucoup,3,1,2
printemps,extérieur,2025-05-15T18:00:00,2025-05-16T01:00:00,femme,30,1.57,97,occasionnel,beaucoup,3,1,2
printemps,extérieur,2025-05-15T18:00:00,2025-05-16T01:00:00,homme,29,1.71,58,aguerri,normal,3,1,2
printemps,extérieur,2025-05-15T18:00:00,2025-05-16T01:00:00,femme,37,1.63,86,occasionnel,beaucoup,3,1,2
été,intérieur,2025-01-07T19:00:00,2025-01-08T01:00:00,homme,46,1.87,66,régulier,normal,2,1,2
été,intérieur,2025-01-07T19:00:00,2025-01-08T01:00:00,femme,40,1.51,57,régulier,peu,2,1,2
été,intérieur,2025-01-07T19:00:00,2025-01-08T01:00:00,homme,36,1.68,93,aguerri,beaucoup,2,1,2
été,intérieur,2025-01-07T19:00:00,2025-01-08T01:00:00,femme,23,1.69,68,régulier,peu,2,1,2
été,intérieur,2025-01-07T19:00:00,2025-01-08T01:00:00,homme,58,1.9,71,régulier,beaucoup,2,1,2
été,intérieur,2025-01-07T19:00:00,2025-01-08T01:00:00,homme,23,1.58,64,régulier,normal,2,1,2
été,intérieur,2025-01-07T19:00:00,2025-01-08T01:00:00,femme,35,1.8,75,régulier,beaucoup,2,1,2
été,intérieur,2025-01-07T19:00:00,2025-01-08T01:00:00,femme,55,1.76,78,régulier,peu,2,1,2
hiver,intérieur,2025-03-24T18:00:00,2025-03-25T02:00:00,homme,31,1.58,56,occasionnel,pas du tout,1,1,2
hiver,intérieur,2025-03-24T18:00:00,2025-03-25T02:00:00,femme,53,1.53,99,régulier,pas du tout,1,1,2
hiver,intérieur,2025-03-24T18:00:00,2025-03-25T02:00:00,homme,34,1.81,55,aguerri,beaucoup,1,1,2
hiver,intérieur,2025-03-24T18:00:00,2025-03-25T02:00:00,femme,32,1.62,68,régulier,peu,1,1,2
hiver,intérieur,2025-03-24T18:00:00,2025-03-25T02:00:00,homme,51,1.92,51,occasionnel,normal,1,1,2
printemps,extérieur,2025-08-28T21:00:00,2025-08-29T02:00:00,femme,26,1.98,94,aguerri,peu,2,1,2
printemps,extérieur,2025-08-28T21:00:00,2025-08-29T02:00:00,femme,58,1.87,86,régulier,normal,2,1,2
printemps,extérieur,2025-08-28T21:00:00,2025-08-29T02:00:00,femme,48,1.77,55,régulier,normal,2,1,2
printemps,extérieur,2025-08-28T21:00:00,2025-08-29T02:00:00,femme,44,1.63,69,occasionnel,pas du tout,2,1,2
printemps,extérieur,2025-08-28T21:00:00,2025-08-29T02:00:00,homme,40,1.64,84,occasionnel,beaucoup,2,1,2
printemps,extérieur,2025-08-28T21:00:00,2025-08-29T02:00:00,femme,37,1.5,77,régulier,peu,2,1,2
printemps,extérieur,2025-08-28T21:00:00,2025-08-29T02:00:00,homme,53,1.69,76,aguerri,beaucoup,2,1,2
automne,intérieur,2025-03-23T20:00:00,2025-03-24T02:00:00,femme,23,1.71,65,aguerri,normal,2,1,2
automne,intérieur,2025-03-23T20:00:00,2025-03-24T02:00:00,femme,59,1.87,67,régulier,peu,2,1,2
automne,intérieur,2025-03-23T20:00:00,2025-03-24T02:00:00,homme,29,1.57,57,aguerri,beaucoup,2,1,2
automne,intérieur,2025-03-23T20:00:00,2025-03-24T02:00:00,femme,35,1.85,81,occasionnel,normal,2,1,2
été,intérieur,2025-01-18T17:00:00,2025-01-18T21:00:00,femme,35,1.56,78,aguerri,pas du tout,1,1,2
été,intérieur,2025-01-18T17:00:00,2025-01-18T21:00:00,homme,23,1.58,81,occasionnel,normal,1,1,2
été,intérieur,2025-01-18T17:00:00,2025-01-18T21:00:00,femme,37,1.89,81,régulier,beaucoup,1,1,2
été,extérieur,2025-02-27T18:00:00,2025-02-27T21:00:00,femme,22,1.77,61,occasionnel,normal,1,1,2
été,extérieur,2025-02-27T18:00:00,2025-02-27T21:00:00,femme,18,1.56,99,aguerri,peu,1,1,2
été,extérieur,2025-02-27T18:00:00,2025-02-27T21:00:00,femme,46,1.62,52,occasionnel,beaucoup,1,1,2
été,extérieur,2025-02-27T18:00:00,2025-02-27T21:00:00,homme,51,1.83,63,régulier,beaucoup,1,1,2
été,extérieur,2025-02-27T18:00:00,2025-02-27T21:00:00,femme,38,1.58,96,occasionnel,pas du tout,1,1,2
printemps,extérieur,2025-11-10T18:00:00,2025-11-10T23:00:00,homme,25,1.62,77,régulier,pas du tout,0,2,2
printemps,extérieur,2025-11-10T18:00:00,2025-11-10T23:00:00,homme,35,1.79,75,occasionnel,pas du tout,0,2,2
printemps,extérieur,2025-11-10T18:00:00,2025-11-10T23:00:00,homme,55,1.89,80,aguerri,peu,0,2,2
printemps,intérieur,2025-04-06T20:00:00,2025-04-06T23:00:00,femme,58,1.53,72,aguerri,peu,2,1,2
printemps,intérieur,2025-04-06T20:00:00,2025-04-06T23:00:00,homme,26,1.74,70,aguerri,normal,2,1,2
printemps,intérieur,2025-04-06T20:00:00,2025-04-06T23:00:00,femme,30,1.51,74,régulier,peu,2,1,2
printemps,intérieur,2025-04-06T20:00:00,2025-04-06T23:00:00,femme,20,1.74,78,aguerri,normal,2,1,2
printemps,intérieur,2025-04-06T20:00:00,2025-04-06T23:00:00,femme,30,1.78,84,régulier,normal,2,1,2
printemps,intérieur,2025-04-06T20:00:00,2025-04-06T23:00:00,femme,35,1.93,88,aguerri,peu,2,1,2
printemps,intérieur,2025-04-06T20:00:00,2025-04-06T23:00:00,homme,51,1.58,68,régulier,normal,2,1,2
printemps,intérieur,2025-04-06T20:00:00,2025-04-06T23:00:00,femme,18,1.89,82,régulier,peu,2,1,2
été,extérieur,2025-10-08T19:00:00,2025-10-09T03:00:00,femme,30,1.76,81,aguerri,peu,0,2,2
été,extérieur,2025-10-08T19:00:00,2025-10-09T03:00:00,femme,38,1.7,70,occasionnel,pas du tout,0,2,2
été,extérieur,2025-10-08T19:00:00,2025-10-09T03:00:00,homme,20,1.92,58,occasionnel,pas du tout,0,2,2
hiver,intérieur,2025-08-07T17:00:00,2025-08-07T20:00:00,femme,60,1.74,89,aguerri,normal,1,2,2
hiver,intérieur,2025-08-07T17:00:00,2025-08-07T20:00:00,homme,41,1.61,95,occasionnel,pas du tout,1,2,2
hiver,intérieur,2025-08-07T17:00:00,2025-08-07T20:00:00,homme,59,1.75,55,régulier,pas du tout,1,2,2
hiver,intérieur,2025-08-07T17:00:00,2025-08-07T20:00:00,femme,53,1.87,76,régulier,pas du tout,1,2,2
hiver,intérieur,2025-08-07T17:00:00,2025-08-07T20:00:00,femme,51,1.52,54,régulier,pas du tout,1,2,2
hiver,intérieur,2025-08-07T17:00:00,2025-08-07T20:00:00,homme,51,1.55,96,occasionnel,beaucoup,1,2,2
hiver,intérieur,2025-08-07T17:00:00,2025-08-07T20:00:00,homme,30,1.76,65,aguerri,peu,1,2,2
automne,intérieur,2025-11-19T19:00:00,2025-11-20T03:00:00,femme,24,1.58,61,aguerri,beaucoup,2,1,2
automne,intérieur,2025-11-19T19:00:00,2025-11-20T03:00:00,femme,60,1.58,88,régulier,normal,2,1,2
automne,intérieur,2025-11-19T19:00:00,2025-11-20T03:00:00,femme,53,2.0,70,régulier,beaucoup,2,1,2
automne,intérieur,2025-11-19T19:00:00,2025-11-20T03:00:00,femme,38,1.8,86,aguerri,peu,2,1,2
automne,intérieur,2025-11-19T19:00:00,2025-11-20T03:00:00,femme,53,1.96,66,régulier,beaucoup,2,1,2
automne,intérieur,2025-11-19T19:00:00,2025-11-20T03:00:00,femme,43,1.5,52,régulier,pas du tout,2,1,2
hiver,extérieur,2025-01-10T18:00:00,2025-01-10T22:00:00,homme,35,1.96,82,aguerri,peu,1,2,2
hiver,extérieur,2025-01-10T18:00:00,2025-01-10T22:00:00,homme,20,1.73,59,occasionnel,normal,1,2,2
hiver,extérieur,2025-01-10T18:00:00,2025-01-10T22:00:00,femme,55,1.62,66,régulier,pas du tout,1,2,2
hiver,extérieur,2025-01-10T18:00:00,2025-01-10T22:00:00,femme,54,1.96,96,occasionnel,normal,1,2,2
hiver,extérieur,2025-01-10T18:00:00,2025-01-10T22:00:00,femme,29,1.74,94,aguerri,pas du tout,1,2,2
printemps,intérieur,2025-12-26T21:00:00,2025-12-27T03:00:00,homme,39,1.67,77,régulier,pas du tout,2,1,2
printemps,intérieur,2025-12-26T21:00:00,2025-12-27T03:00:00,homme,59,1.92,50,aguerri,beaucoup,2,1,2
printemps,intérieur,2025-12-26T21:00:00,2025-12-27T03:00:00,homme,37,1.76,70,aguerri,peu,2,1,2
printemps,intérieur,2025-03-02T20:00:00,2025-03-03T02:00:00,homme,32,1.72,100,régulier,peu,1,1,2
printemps,intérieur,2025-03-02T20:00:00,2025-03-03T02:00:00,homme,39,1.54,86,aguerri,pas du tout,1,1,2
printemps,intérieur,2025-03-02T20:00:00,2025-03-03T02:00:00,femme,34,1.54,82,régulier,peu,1,1,2
printemps,intérieur,2025-03-02T20:00:00,2025-03-03T02:00:00,homme,48,1.78,81,régulier,peu,1,1,2
printemps,intérieur,2025-03-02T20:00:00,2025-03-03T02:00:00,homme,33,1.54,99,régulier,normal,1,1,2
printemps,intérieur,2025-03-02T20:00:00,2025-03-03T02:00:00,homme,25,1.84,77,régulier,normal,1,1,2
printemps,intérieur,2025-03-02T20:00:00,2025-03-03T02:00:00,homme,38,1.67,91,occasionnel,normal,1,1,2
hiver,extérieur,2025-10-27T20:00:00,2025-10-28T03:00:00,femme,20,1.96,64,occasionnel,normal,2,1,2
hiver,extérieur,2025-10-27T20:00:00,2025-10-28T03:00:00,homme,23,1.56,53,occasionnel,peu,2,1,2
hiver,extérieur,2025-10-27T20:00:00,2025-10-28T03:00:00,femme,18,1.67,57,régulier,beaucoup,2,1,2
hiver,extérieur,2025-10-27T20:00:00,2025-10-28T03:00:00,femme,19,1.67,97,aguerri,peu,2,1,2
hiver,extérieur,2025-09-16T21:00:00,2025-09-17T05:00:00,homme,42,1.79,92,aguerri,pas du tout,1,1,2
hiver,extérieur,2025-09-16T21:00:00,2025-09-17T05:00:00,femme,28,1.53,62,aguerri,normal,1,1,2
hiver,extérieur,2025-09-16T21:00:00,2025-09-17T05:00:00,homme,47,1.83,50,occasionnel,beaucoup,1,1,2
hiver,extérieur,2025-09-16T21:00:00,2025-09-17T05:00:00,femme,60,1.93,92,régulier,pas du tout,1,1,2
été,extérieur,2025-11-13T18:00:00,2025-11-14T00:00:00,homme,38,1.74,88,aguerri,pas du tout,1,1,2
été,extérieur,2025-11-13T18:00:00,2025-11-14T00:00:00,homme,30,1.75,79,aguerri,pas du tout,1,1,2
été,extérieur,2025-11-13T18:00:00,2025-11-14T00:00:00,homme,33,1.96,69,régulier,beaucoup,1,1,2
été,extérieur,2025-11-13T18:00:00,2025-11-14T00:00:00,femme,28,1.51,93,régulier,normal,1,1,2
été,extérieur,2025-11-13T18:00:00,2025-11-14T00:00:00,femme,33,2.0,82,régulier,pas du tout,1,1,2
été,extérieur,2025-11-13T18:00:00,2025-11-14T00:00:00,femme,42,1.95,51,aguerri,normal,1,1,2
été,extérieur,2025-11-13T18:00:00,2025-11-14T00:00:00,homme,27,1.67,75,aguerri,peu,1,1,2
été,extérieur,2025-09-22T21:00:00,2025-09-23T05:00:00,homme,44,1.62,59,régulier,normal,2,1,2
été,extérieur,2025-09-22T21:00:00,2025-09-23T05:00:00,femme,46,1.77,63,aguerri,peu,2,1,2
été,extérieur,2025-09-22T21:00:00,2025-09-23T05:00:00,homme,26,1.65,95,aguerri,peu,2,1,2
été,extérieur,2025-09-22T21:00:00,2025-09-23T05:00:00,femme,27,1.83,86,occasionnel,normal,2,1,2
été,extérieur,2025-09-22T21:00:00,2025-09-23T05:00:00,homme,53,1.77,96,occasionnel,peu,2,1,2
été,extérieur,2025-09-22T21:00:00,2025-09-23T05:00:00,femme,27,1.86,98,régulier,beaucoup,2,1,2
été,extérieur,2025-09-22T21:00:00,2025-09-23T05:00:00,femme,37,1.72,90,aguerri,normal,2,1,2
été,extérieur,2025-09-22T21:00:00,2025-09-23T05:00:00,homme,30,1.55,61,occasionnel,normal,2,1,2
hiver,intérieur,2025-04-22T17:00:00,2025-04-22T22:00:00,femme,26,1.75,88,régulier,normal,2,1,2
hiver,intérieur,2025-04-22T17:00:00,2025-04-22T22:00:00,homme,42,1.75,58,occasionnel,peu,2,1,2
hiver,intérieur,2025-04-22T17:00:00,2025-04-22T22:00:00,homme,20,1.7,50,régulier,beaucoup,2,1,2
hiver,intérieur,2025-04-03T18:00:00,2025-04-04T00:00:00,femme,38,1.93,65,régulier,beaucoup,2,1,2
hiver,intérieur,2025-04-03T18:00:00,2025-04-04T00:00:00,homme,56,1.87,74,aguerri,normal,2,1,2
hiver,intérieur,2025-04-03T18:00:00,2025-04-04T00:00:00,femme,57,1.97,86,aguerri,pas du tout,2,1,2
hiver,intérieur,2025-04-03T18:00:00,2025-04-04T00:00:00,homme,46,1.73,52,occasionnel,beaucoup,2,1,2
hiver,intérieur,2025-04-03T18:00:00,2025-04-04T00:00:00,homme,53,1.69,98,aguerri,pas du tout,2,1,2
hiver,intérieur,2025-04-03T18:00:00,2025-04-04T00:00:00,homme,36,1.72,69,régulier,beaucoup,2,1,2
hiver,intérieur,2025-04-03T18:00:00,2025-04-04T00:00:00,homme,45,1.65,53,aguerri,peu,2,1,2
automne,extérieur,2025-02-24T21:00:00,2025-02-25T00:00:00,homme,43,1.71,78,occasionnel,peu,0,2,2
automne,extérieur,2025-02-24T21:00:00,2025-02-25T00:00:00,femme,55,1.95,62,régulier,pas du tout,0,2,2
automne,extérieur,2025-02-24T21:00:00,2025-02-25T00:00:00,femme,38,1.85,95,occasionnel,pas du tout,0,2,2
automne,extérieur,2025-02-24T21:00:00,2025-02-25T00:00:00,homme,25,1.85,90,régulier,pas du tout,0,2,2
automne,intérieur,2025-07-18T20:00:00,2025-07-18T23:00:00,femme,54,1.94,59,occasionnel,peu,1,2,2
automne,intérieur,2025-07-18T20:00:00,2025-07-18T23:00:00,homme,21,1.71,69,aguerri,beaucoup,1,2,2
automne,intérieur,2025-07-18T20:00:00,2025-07-18T23:00:00,femme,58,1.59,58,occasionnel,pas du tout,1,2,2
automne,intérieur,2025-07-18T20:00:00,2025-07-18T23:00:00,femme,18,1.73,81,aguerri,pas du tout,1,2,2
automne,intérieur,2025-04-19T20:00:00,2025-04-20T02:00:00,femme,23,1.8,50,occasionnel,normal,2,1,2
automne,intérieur,2025-04-19T20:00:00,2025-04-20T02:00:00,homme,21,1.59,53,aguerri,normal,2,1,2
automne,intérieur,2025-04-19T20:00:00,2025-04-20T02:00:00,homme,27,1.93,92,aguerri,normal,2,1,2
automne,intérieur,2025-04-19T20:00:00,2025-04-20T02:00:00,femme,23,1.52,76,occasionnel,peu,2,1,2
automne,intérieur,2025-04-19T20:00:00,2025-04-20T02:00:00,femme,57,1.83,94,aguerri,peu,2,1,2
automne,intérieur,2025-04-19T20:00:00,2025-04-20T02:00:00,femme,55,1.68,52,occasionnel,normal,2,1,2
printemps,extérieur,2025-07-27T17:00:00,2025-07-27T23:00:00,homme,36,1.74,57,aguerri,normal,1,1,2
printemps,extérieur,2025-07-27T17:00:00,2025-07-27T23:00:00,femme,51,1.71,63,aguerri,peu,1,1,2
printemps,extérieur,2025-07-27T17:00:00,2025-07-27T23:00:00,homme,24,1.79,90,aguerri,pas du tout,1,1,2
printemps,extérieur,2025-07-27T17:00:00,2025-07-27T23:00:00,femme,56,1.97,95,régulier,beaucoup,1,1,2
printemps,extérieur,2025-07-27T17:00:00,2025-07-27T23:00:00,femme,34,1.76,89,régulier,peu,1,1,2
printemps,extérieur,2025-07-27T17:00:00,2025-07-27T23:00:00,femme,51,1.86,81,régulier,peu,1,1,2
printemps,extérieur,2025-07-27T17:00:00,2025-07-27T23:00:00,homme,36,1.99,50,occasionnel,pas du tout,1,1,2
automne,intérieur,2025-12-28T18:00:00,2025-12-29T01:00:00,femme,20,1.67,85,aguerri,peu,1,1,2
automne,intérieur,2025-12-28T18:00:00,2025-12-29T01:00:00,homme,58,1.6,68,régulier,pas du tout,1,1,2
automne,intérieur,2025-12-28T18:00:00,2025-12-29T01:00:00,femme,37,1.75,70,occasionnel,pas du tout,1,1,2
automne,intérieur,2025-12-28T18:00:00,2025-12-29T01:00:00,femme,39,1.7,86,aguerri,pas du tout,1,1,2
automne,intérieur,2025-12-28T18:00:00,2025-12-29T01:00:00,homme,30,1.67,71,aguerri,beaucoup,1,1,2
automne,intérieur,2025-12-28T18:00:00,2025-12-29T01:00:00,femme,20,1.82,80,occasionnel,beaucoup,1,1,2
printemps,extérieur,2025-07-24T17:00:00,2025-07-25T00:00:00,femme,53,1.77,63,aguerri,normal,2,1,2
printemps,extérieur,2025-07-24T17:00:00,2025-07-25T00:00:00,femme,22,1.98,67,occasionnel,normal,2,1,2
printemps,extérieur,2025-07-24T17:00:00,2025-07-25T00:00:00,femme,58,1.77,60,aguerri,beaucoup,2,1,2
printemps,extérieur,2025-07-24T17:00:00,2025-07-25T00:00:00,homme,56,1.56,100,régulier,normal,2,1,2
printemps,extérieur,2025-07-24T17:00:00,2025-07-25T00:00:00,homme,35,1.71,81,occasionnel,normal,2,1,2
automne,extérieur,2025-04-17T19:00:00,2025-04-17T23:00:00,femme,20,1.89,55,régulier,pas du tout,1,2,2
automne,extérieur,2025-04-17T19:00:00,2025-04-17T23:00:00,femme,50,1.58,71,régulier,normal,1,2,2
automne,extérieur,2025-04-17T19:00:00,2025-04-17T23:00:00,femme,27,1.88,56,aguerri,peu,1,2,2
hiver,intérieur,2025-08-13T21:00:00,2025-08-14T00:00:00,femme,20,1.84,88,occasionnel,normal,2,1,2
hiver,intérieur,2025-08-13T21:00:00,2025-08-14T00:00:00,femme,20,1.55,99,aguerri,normal,2,1,2
hiver,intérieur,2025-08-13T21:00:00,2025-08-14T00:00:00,homme,54,1.88,90,occasionnel,normal,2,1,2
hiver,intérieur,2025-05-09T21:00:00,2025-05-10T02:00:00,homme,35,1.57,67,occasionnel,pas du tout,2,1,2
hiver,intérieur,2025-05-09T21:00:00,2025-05-10T02:00:00,homme,31,1.77,85,régulier,normal,2,1,2
hiver,intérieur,2025-05-09T21:00:00,2025-05-10T02:00:00,homme,36,1.79,60,occasionnel,normal,2,1,2
hiver,intérieur,2025-05-09T21:00:00,2025-05-10T02:00:00,femme,52,1.72,58,occasionnel,beaucoup,2,1,2
hiver,intérieur,2025-05-09T21:00:00,2025-05-10T02:00:00,homme,24,1.69,55,régulier,beaucoup,2,1,2
hiver,intérieur,2025-05-09T21:00:00,2025-05-10T02:00:00,homme,56,1.95,90,aguerri,beaucoup,2,1,2
printemps,extérieur,2025-06-27T18:00:00,2025-06-28T02:00:00,homme,47,1.78,55,aguerri,beaucoup,3,1,2
printemps,extérieur,2025-06-27T18:00:00,2025-06-28T02:00:00,homme,47,1.66,91,aguerri,beaucoup,3,1,2
printemps,extérieur,2025-06-27T18:00:00,2025-06-28T02:00:00,femme,32,1.97,59,aguerri,normal,3,1,2
printemps,extérieur,2025-06-27T18:00:00,2025-06-28T02:00:00,femme,43,1.59,92,régulier,normal,3,1,2
printemps,extérieur,2025-06-27T18:00:00,2025-06-28T02:00:00,femme,49,1.52,80,occasionnel,normal,3,1,2
printemps,extérieur,2025-06-27T18:00:00,2025-06-28T02:00:00,femme,47,1.92,68,régulier,peu,3,1,2
printemps,extérieur,2025-06-27T18:00:00,2025-06-28T02:00:00,homme,43,1.91,100,occasionnel,normal,3,1,2
printemps,extérieur,2025-06-27T18:00:00,2025-06-28T02:00:00,homme,37,1.77,75,aguerri,beaucoup,3,1,2
hiver,intérieur,2025-09-06T20:00:00,2025-09-07T02:00:00,femme,31,1.91,87,régulier,beaucoup,1,2,2
hiver,intérieur,2025-09-06T20:00:00,2025-09-07T02:00:00,femme,52,1.85,61,aguerri,pas du tout,1,2,2
hiver,intérieur,2025-09-06T20:00:00,2025-09-07T02:00:00,femme,25,1.8,79,régulier,pas du tout,1,2,2
automne,intérieur,2025-05-13T17:00:00,2025-05-14T00:00:00,femme,38,1.75,92,occasionnel,pas du tout,1,2,2
automne,intérieur,2025-05-13T17:00:00,2025-05-14T00:00:00,homme,26,1.94,98,aguerri,pas du tout,1,2,2
automne,intérieur,2025-05-13T17:00:00,2025-05-14T00:00:00,homme,60,1.57,84,régulier,beaucoup,1,2,2
automne,intérieur,2025-04-22T19:00:00,2025-04-23T00:00:00,femme,45,1.86,72,occasionnel,pas du tout,1,1,2
automne,intérieur,2025-04-22T19:00:00,2025-04-23T00:00:00,femme,26,1.93,53,régulier,pas du tout,1,1,2
automne,intérieur,2025-04-22T19:00:00,2025-04-23T00:00:00,homme,53,1.91,72,occasionnel,normal,1,1,2
automne,intérieur,2025-04-22T19:00:00,2025-04-23T00:00:00,homme,33,1.72,87,régulier,normal,1,1,2
automne,intérieur,2025-04-22T19:00:00,2025-04-23T00:00:00,femme,43,1.69,84,occasionnel,peu,1,1,2
automne,intérieur,2025-04-22T19:00:00,2025-04-23T00:00:00,femme,26,1.59,74,régulier,beaucoup,1,1,2
automne,intérieur,2025-04-22T19:00:00,2025-04-23T00:00:00,homme,36,2.0,92,occasionnel,peu,1,1,2
été,intérieur,2025-11-01T18:00:00,2025-11-02T02:00:00,femme,26,1.54,91,régulier,beaucoup,2,1,2
été,intérieur,2025-11-01T18:00:00,2025-11-02T02:00:00,femme,57,1.59,82,régulier,beaucoup,2,1,2
été,intérieur,2025-11-01T18:00:00,2025-11-02T02:00:00,femme,40,1.61,77,aguerri,pas du tout,2,1,2
été,intérieur,2025-11-01T18:00:00,2025-11-02T02:00:00,femme,33,1.86,67,régulier,normal,2,1,2
été,intérieur,2025-11-01T18:00:00,2025-11-02T02:00:00,homme,20,1.78,95,régulier,pas du tout,2,1,2
été,intérieur,2025-11-01T18:00:00,2025-11-02T02:00:00,femme,23,1.57,96,aguerri,normal,2,1,2
automne,intérieur,2025-09-20T17:00:00,2025-09-20T21:00:00,homme,58,1.77,87,régulier,pas du tout,1,1,2
automne,intérieur,2025-09-20T17:00:00,2025-09-20T21:00:00,femme,52,1.89,80,régulier,beaucoup,1,1,2
automne,intérieur,2025-09-20T17:00:00,2025-09-20T21:00:00,femme,44,1.68,68,régulier,peu,1,1,2
automne,intérieur,2025-09-20T17:00:00,2025-09-20T21:00:00,homme,56,1.87,96,aguerri,normal,1,1,2
automne,intérieur,2025-09-20T17:00:00,2025-09-20T21:00:00,homme,58,1.74,60,aguerri,pas du tout,1,1,2
automne,intérieur,2025-09-20T17:00:00,2025-09-20T21:00:00,femme,57,1.51,81,occasionnel,peu,1,1,2
été,extérieur,2025-05-05T21:00:00,2025-05-06T02:00:00,femme,18,1.87,88,occasionnel,peu,1,1,2
été,extérieur,2025-05-05T21:00:00,2025-05-06T02:00:00,femme,41,1.9,66,aguerri,peu,1,1,2
été,extérieur,2025-05-05T21:00:00,2025-05-06T02:00:00,femme,29,1.9,52,régulier,pas du tout,1,1,2
été,extérieur,2025-05-05T21:00:00,2025-05-06T02:00:00,homme,56,1.97,59,régulier,beaucoup,1,1,2
été,extérieur,2025-05-05T21:00:00,2025-05-06T02:00:00,femme,33,1.83,96,aguerri,peu,1,1,2
hiver,extérieur,2025-01-21T19:00:00,2025-01-21T22:00:00,homme,47,1.7,69,régulier,peu,2,1,2
hiver,extérieur,2025-01-21T19:00:00,2025-01-21T22:00:00,femme,42,1.74,59,aguerri,beaucoup,2,1,2
hiver,extérieur,2025-01-21T19:00:00,2025-01-21T22:00:00,homme,36,1.96,78,régulier,normal,2,1,2
été,intérieur,2025-09-21T19:00:00,2025-09-22T01:00:00,femme,39,1.64,56,régulier,beaucoup,2,1,2
été,intérieur,2025-09-21T19:00:00,2025-09-22T01:00:00,femme,33,1.87,87,occasionnel,normal,2,1,2
été,intérieur,2025-09-21T19:00:00,2025-09-22T01:00:00,homme,38,1.77,93,occasionnel,pas du tout,2,1,2
été,intérieur,2025-09-21T19:00:00,2025-09-22T01:00:00,homme,44,1.55,56,aguerri,beaucoup,2,1,2
été,intérieur,2025-09-21T19:00:00,2025-09-22T01:00:00,femme,32,1.86,66,occasionnel,pas du tout,2,1,2
été,intérieur,2025-09-21T19:00:00,2025-09-22T01:00:00,homme,57,1.55,88,aguerri,peu,2,1,2
été,intérieur,2025-09-21T19:00:00,2025-09-22T01:00:00,homme,25,1.54,88,occasionnel,beaucoup,2,1,2
hiver,intérieur,2025-12-06T19:00:00,2025-12-07T00:00:00,homme,58,1.73,67,régulier,normal,3,1,2
hiver,intérieur,2025-12-06T19:00:00,2025-12-07T00:00:00,femme,28,1.89,67,occasionnel,beaucoup,3,1,2
hiver,intérieur,2025-12-06T19:00:00,2025-12-07T00:00:00,femme,39,2.0,66,régulier,peu,3,1,2
hiver,intérieur,2025-12-06T19:00:00,2025-12-07T00:00:00,femme,22,1.75,62,aguerri,beaucoup,3,1,2
hiver,intérieur,2025-12-06T19:00:00,2025-12-07T00:00:00,homme,59,1.75,59,aguerri,beaucoup,3,1,2
hiver,intérieur,2025-12-06T19:00:00,2025-12-07T00:00:00,homme,57,1.82,78,aguerri,normal,3,1,2
été,intérieur,2025-02-03T21:00:00,2025-02-04T05:00:00,femme,19,1.95,59,aguerri,pas du tout,1,1,2
été,intérieur,2025-02-03T21:00:00,2025-02-04T05:00:00,homme,60,1.7,59,aguerri,normal,1,1,2
été,intérieur,2025-02-03T21:00:00,2025-02-04T05:00:00,femme,54,1.5,95,régulier,beaucoup,1,1,2
été,intérieur,2025-02-03T21:00:00,2025-02-04T05:00:00,femme,43,1.92,99,occasionnel,peu,1,1,2
été,intérieur,2025-02-03T21:00:00,2025-02-04T05:00:00,homme,42,1.98,99,régulier,pas du tout,1,1,2
printemps,extérieur,2025-11-10T20:00:00,2025-11-10T23:00:00,homme,41,1.77,71,occasionnel,beaucoup,2,1,2
printemps,extérieur,2025-11-10T20:00:00,2025-11-10T23:00:00,femme,59,1.6,85,occasionnel,beaucoup,2,1,2
printemps,extérieur,2025-11-10T20:00:00,2025-11-10T23:00:00,homme,37,1.85,56,aguerri,normal,2,1,2
printemps,extérieur,2025-11-10T20:00:00,2025-11-10T23:00:00,femme,23,1.94,78,aguerri,peu,2,1,2
printemps,extérieur,2025-11-10T20:00:00,2025-11-10T23:00:00,homme,20,1.6,96,aguerri,peu,2,1,2
printemps,extérieur,2025-11-10T20:00:00,2025-11-10T23:00:00,femme,42,1.53,84,aguerri,normal,2,1,2
printemps,extérieur,2025-11-10T20:00:00,2025-11-10T23:00:00,femme,52,1.98,78,occasionnel,pas du tout,2,1,2
printemps,extérieur,2025-11-10T20:00:00,2025-11-10T23:00:00,femme,21,1.67,96,occasionnel,beaucoup,2,1,2
été,intérieur,2025-11-22T21:00:00,2025-11-23T03:00:00,homme,55,1.62,54,occasionnel,peu,1,2,2
été,intérieur,2025-11-22T21:00:00,2025-11-23T03:00:00,femme,59,1.51,89,occasionnel,peu,1,2,2
été,intérieur,2025-11-22T21:00:00,2025-11-23T03:00:00,homme,18,1.59,53,régulier,pas du tout,1,2,2
été,intérieur,2025-11-22T21:00:00,2025-11-23T03:00:00,femme,57,1.59,87,occasionnel,pas du tout,1,2,2
été,intérieur,2025-11-22T21:00:00,2025-11-23T03:00:00,homme,49,1.8,89,occasionnel,pas du tout,1,2,2
été,intérieur,2025-11-22T21:00:00,2025-11-23T03:00:00,homme,45,1.67,97,aguerri,beaucoup,1,2,2
été,intérieur,2025-11-22T21:00:00,2025-11-23T03:00:00,femme,25,1.99,86,aguerri,peu,1,2,2
été,intérieur,2025-11-22T21:00:00,2025-11-23T03:00:00,femme,31,1.88,87,occasionnel,normal,1,2,2
été,intérieur,2025-05-05T20:00:00,2025-05-06T00:00:00,femme,53,1.58,65,aguerri,pas du tout,2,1,2
été,intérieur,2025-05-05T20:00:00,2025-05-06T00:00:00,homme,24,1.9,90,aguerri,beaucoup,2,1,2
été,intérieur,2025-05-05T20:00:00,2025-05-06T00:00:00,homme,19,1.94,55,occasionnel,pas du tout,2,1,2
été,intérieur,2025-05-05T20:00:00,2025-05-06T00:00:00,homme,23,1.85,87,régulier,beaucoup,2,1,2
été,intérieur,2025-05-05T20:00:00,2025-05-06T00:00:00,femme,26,1.6,90,régulier,beaucoup,2,1,2
été,intérieur,2025-05-05T20:00:00,2025-05-06T00:00:00,femme,33,1.97,89,aguerri,pas du tout,2,1,2
été,intérieur,2025-05-05T20:00:00,2025-05-06T00:00:00,homme,49,1.81,55,aguerri,normal,2,1,2
été,intérieur,2025-05-05T20:00:00,2025-05-06T00:00:00,femme,44,1.5,65,occasionnel,pas du tout,2,1,2
été,extérieur,2025-09-17T18:00:00,2025-09-18T00:00:00,homme,35,1.53,57,occasionnel,beaucoup,2,1,2
été,extérieur,2025-09-17T18:00:00,2025-09-18T00:00:00,femme,29,1.58,52,occasionnel,normal,2,1,2
été,extérieur,2025-09-17T18:00:00,2025-09-18T00:00:00,femme,31,1.72,71,aguerri,beaucoup,2,1,2
été,extérieur,2025-09-17T18:00:00,2025-09-18T00:00:00,homme,24,1.87,84,occasionnel,peu,2,1,2
été,extérieur,2025-09-17T18:00:00,2025-09-18T00:00:00,homme,49,1.76,54,occasionnel,beaucoup,2,1,2
été,extérieur,2025-09-17T18:00:00,2025-09-18T00:00:00,femme,44,1.6,93,régulier,peu,2,1,2
été,extérieur,2025-09-17T18:00:00,2025-09-18T00:00:00,homme,38,1.61,65,aguerri,beaucoup,2,1,2
été,extérieur,2025-09-17T18:00:00,2025-09-18T00:00:00,homme,42,1.95,54,régulier,beaucoup,2,1,2
été,extérieur,2025-03-07T21:00:00,2025-03-08T03:00:00,femme,41,1.57,96,occasionnel,normal,1,1,2
été,extérieur,2025-03-07T21:00:00,2025-03-08T03:00:00,femme,30,1.67,52,aguerri,pas du tout,1,1,2
été,extérieur,2025-03-07T21:00:00,2025-03-08T03:00:00,femme,26,1.56,79,régulier,beaucoup,1,1,2
été,extérieur,2025-03-07T21:00:00,2025-03-08T03:00:00,homme,39,1.61,68,aguerri,peu,1,1,2
hiver,intérieur,2025-02-14T21:00:00,2025-02-15T03:00:00,femme,47,1.64,96,régulier,peu,1,1,2
hiver,intérieur,2025-02-14T21:00:00,2025-02-15T03:00:00,homme,38,1.72,64,aguerri,peu,1,1,2
hiver,intérieur,2025-02-14T21:00:00,2025-02-15T03:00:00,homme,44,1.99,52,régulier,pas du tout,1,1,2
hiver,intérieur,2025-02-14T21:00:00,2025-02-15T03:00:00,femme,51,1.7,94,occasionnel,beaucoup,1,1,2
automne,intérieur,2025-02-18T17:00:00,2025-02-19T01:00:00,femme,31,1.57,68,occasionnel,pas du tout,1,1,2
automne,intérieur,2025-02-18T17:00:00,2025-02-19T01:00:00,homme,48,1.83,60,aguerri,beaucoup,1,1,2
automne,intérieur,2025-02-18T17:00:00,2025-02-19T01:00:00,homme,47,1.73,58,aguerri,beaucoup,1,1,2
automne,intérieur,2025-02-18T17:00:00,2025-02-19T01:00:00,homme,41,1.81,95,aguerri,pas du tout,1,1,2
automne,intérieur,2025-02-18T17:00:00,2025-02-19T01:00:00,homme,42,1.95,71,aguerri,pas du tout,1,1,2
automne,intérieur,2025-02-18T17:00:00,2025-02-19T01:00:00,femme,45,1.88,94,aguerri,peu,1,1,2
automne,intérieur,2025-02-18T17:00:00,2025-02-19T01:00:00,homme,57,1.94,97,occasionnel,normal,1,1,2
automne,intérieur,2025-02-18T17:00:00,2025-02-19T01:00:00,homme,25,1.69,79,aguerri,pas du tout,1,1,2
printemps,extérieur,2025-03-21T21:00:00,2025-03-22T05:00:00,homme,26,1.99,65,aguerri,pas du tout,2,1,2
printemps,extérieur,2025-03-21T21:00:00,2025-03-22T05:00:00,femme,55,1.94,94,occasionnel,peu,2,1,2
printemps,extérieur,2025-03-21T21:00:00,2025-03-22T05:00:00,femme,40,1.95,82,aguerri,beaucoup,2,1,2
printemps,intérieur,2025-02-12T19:00:00,2025-02-13T01:00:00,homme,48,1.85,93,aguerri,normal,1,1,2
printemps,intérieur,2025-02-12T19:00:00,2025-02-13T01:00:00,femme,57,1.68,93,aguerri,pas du tout,1,1,2
printemps,intérieur,2025-02-12T19:00:00,2025-02-13T01:00:00,homme,47,1.54,75,occasionnel,normal,1,1,2
printemps,intérieur,2025-02-12T19:00:00,2025-02-13T01:00:00,homme,24,1.58,57,aguerri,peu,1,1,2
printemps,intérieur,2025-02-12T19:00:00,2025-02-13T01:00:00,femme,27,1.94,83,aguerri,pas du tout,1,1,2
printemps,intérieur,2025-02-12T19:00:00,2025-02-13T01:00:00,femme,44,1.98,84,occasionnel,beaucoup,1,1,2
printemps,extérieur,2025-08-24T17:00:00,2025-08-24T22:00:00,homme,19,1.94,64,aguerri,normal,2,1,2
printemps,extérieur,2025-08-24T17:00:00,2025-08-24T22:00:00,femme,55,1.67,91,régulier,beaucoup,2,1,2
printemps,extérieur,2025-08-24T17:00:00,2025-08-24T22:00:00,femme,47,1.65,58,régulier,peu,2,1,2
printemps,extérieur,2025-08-24T17:00:00,2025-08-24T22:00:00,femme,32,1.74,68,occasionnel,peu,2,1,2
printemps,extérieur,2025-08-06T21:00:00,2025-08-07T01:00:00,femme,29,1.99,95,aguerri,peu,1,2,2
printemps,extérieur,2025-08-06T21:00:00,2025-08-07T01:00:00,homme,33,1.56,70,aguerri,peu,1,2,2
printemps,extérieur,2025-08-06T21:00:00,2025-08-07T01:00:00,femme,34,1.68,63,aguerri,pas du tout,1,2,2
printemps,extérieur,2025-08-06T21:00:00,2025-08-07T01:00:00,femme,40,1.57,78,aguerri,peu,1,2,2
printemps,extérieur,2025-08-06T21:00:00,2025-08-07T01:00:00,femme,25,1.96,75,régulier,peu,1,2,2
printemps,extérieur,2025-08-06T21:00:00,2025-08-07T01:00:00,femme,38,1.58,97,aguerri,normal,1,2,2
printemps,extérieur,2025-08-06T21:00:00,2025-08-07T01:00:00,femme,48,1.95,98,aguerri,peu,1,2,2
printemps,extérieur,2025-08-06T21:00:00,2025-08-07T01:00:00,femme,39,1.84,96,régulier,pas du tout,1,2,2
hiver,intérieur,2025-05-01T20:00:00,2025-05-02T03:00:00,femme,40,1.55,53,aguerri,peu,2,1,2
hiver,intérieur,2025-05-01T20:00:00,2025-05-02T03:00:00,homme,35,1.6,55,aguerri,beaucoup,2,1,2
hiver,intérieur,2025-05-01T20:00:00,2025-05-02T03:00:00,homme,50,1.7,81,régulier,pas du tout,2,1,2
hiver,intérieur,2025-05-01T20:00:00,2025-05-02T03:00:00,femme,43,1.57,77,régulier,beaucoup,2,1,2
printemps,intérieur,2025-05-12T19:00:00,2025-05-13T00:00:00,homme,31,1.86,78,aguerri,beaucoup,2,1,2
printemps,intérieur,2025-05-12T19:00:00,2025-05-13T00:00:00,femme,36,1.58,96,régulier,beaucoup,2,1,2
printemps,intérieur,2025-05-12T19:00:00,2025-05-13T00:00:00,homme,55,1.8,59,occasionnel,normal,2,1,2
printemps,intérieur,2025-05-12T19:00:00,2025-05-13T00:00:00,femme,51,1.99,54,aguerri,beaucoup,2,1,2
printemps,intérieur,2025-05-12T19:00:00,2025-05-13T00:00:00,homme,18,1.7,67,régulier,peu,2,1,2
printemps,intérieur,2025-05-12T19:00:00,2025-05-13T00:00:00,femme,54,1.88,58,occasionnel,peu,2,1,2
automne,extérieur,2025-09-16T17:00:00,2025-09-16T22:00:00,femme,49,1.78,79,occasionnel,pas du tout,2,1,2
automne,extérieur,2025-09-16T17:00:00,2025-09-16T22:00:00,homme,27,1.63,90,aguerri,beaucoup,2,1,2
automne,extérieur,2025-09-16T17:00:00,2025-09-16T22:00:00,homme,59,1.83,68,régulier,peu,2,1,2
automne,extérieur,2025-09-16T17:00:00,2025-09-16T22:00:00,femme,59,1.62,57,régulier,beaucoup,2,1,2
automne,extérieur,2025-09-16T17:00:00,2025-09-16T22:00:00,homme,56,1.87,87,régulier,beaucoup,2,1,2
automne,extérieur,2025-09-16T17:00:00,2025-09-16T22:00:00,femme,58,1.84,94,occasionnel,normal,2,1,2
automne,extérieur,2025-09-16T17:00:00,2025-09-16T22:00:00,homme,34,1.58,53,occasionnel,normal,2,1,2
automne,intérieur,2025-06-06T17:00:00,2025-06-06T22:00:00,femme,58,1.96,72,occasionnel,normal,2,1,2
automne,intérieur,2025-06-06T17:00:00,2025-06-06T22:00:00,femme,51,1.82,54,aguerri,peu,2,1,2
automne,intérieur,2025-06-06T17:00:00,2025-06-06T22:00:00,homme,24,1.8,60,aguerri,normal,2,1,2
automne,intérieur,2025-06-06T17:00:00,2025-06-06T22:00:00,femme,37,1.64,94,aguerri,normal,2,1,2
automne,intérieur,2025-06-06T17:00:00,2025-06-06T22:00:00,homme,52,1.79,59,occasionnel,peu,2,1,2
printemps,extérieur,2025-08-14T19:00:00,2025-08-14T23:00:00,homme,27,1.75,62,aguerri,pas du tout,0,2,2
printemps,extérieur,2025-08-14T19:00:00,2025-08-14T23:00:00,femme,47,1.96,57,occasionnel,pas du tout,0,2,2
printemps,extérieur,2025-08-14T19:00:00,2025-08-14T23:00:00,femme,40,1.66,73,occasionnel,beaucoup,0,2,2
printemps,intérieur,2025-12-10T17:00:00,2025-12-11T01:00:00,homme,26,1.93,59,aguerri,peu,0,2,2
