genre,age,taille,poids,conso_level,biere,verre_soft,part_pizza
homme,46,1.81,92,occasionnel,1,3,3
homme,19,1.78,72,régulier,3,1,7
femme,20,1.62,78,aguerri,3,4,6
femme,24,1.63,67,régulier,2,3,6
femme,43,1.69,67,régulier,3,3,5
homme,41,1.8,61,occasionnel,1,5,1
femme,28,1.71,76,occasionnel,2,6,3
homme,40,1.85,100,régulier,5,3,5
homme,31,1.6,68,régulier,3,2,3
femme,54,1.74,68,occasionnel,1,4,3
femme,45,1.73,73,aguerri,4,2,4
homme,23,1.68,64,régulier,3,3,7
homme,29,1.65,65,occasionnel,1,2,3
homme,18,1.78,65,occasionnel,3,3,4
femme,22,1.69,87,régulier,2,5,5
homme,43,1.83,68,régulier,4,3,4
homme,40,1.71,77,régulier,4,5,5
homme,54,1.74,65,aguerri,7,3,7
homme,25,1.84,99,régulier,3,4,7
homme,33,1.69,68,aguerri,6,3,6
femme,39,1.65,68,occasionnel,2,5,3
homme,36,1.78,78,régulier,5,4,5
homme,52,1.76,70,aguerri,6,1,6
homme,41,1.7,81,occasionnel,1,3,3
homme,46,1.67,63,occasionnel,2,3,1
femme,33,1.56,73,occasionnel,2,4,2
femme,23,1.53,59,occasionnel,2,4,5
homme,33,1.64,66,aguerri,6,1,6
homme,26,1.67,64,régulier,3,2,6
homme,39,1.79,71,régulier,3,2,4
femme,22,1.65,58,régulier,3,3,4
homme,27,1.86,83,régulier,5,2,3
homme,37,1.89,72,régulier,5,4,7
femme,46,1.67,62,occasionnel,0,5,4
homme,28,1.84,88,aguerri,6,1,7
femme,49,1.74,69,occasionnel,1,3,4
homme,53,1.8,76,occasionnel,3,4,3
homme,38,1.82,86,régulier,3,3,3
homme,28,1.81,73,occasionnel,2,3,2
femme,19,1.56,48,occasionnel,2,5,5
femme,44,1.61,48,occasionnel,1,5,3
homme,30,1.74,56,occasionnel,1,5,3
homme,38,1.84,70,occasionnel,1,4,2
homme,33,1.77,70,régulier,3,3,3
femme,45,1.63,51,occasionnel,0,4,2
femme,35,1.7,71,régulier,2,6,4
homme,28,1.8,77,régulier,5,4,4
femme,45,1.74,76,aguerri,5,4,5
femme,18,1.56,68,régulier,2,4,5
homme,47,1.71,68,aguerri,5,2,5
femme,51,1.55,68,occasionnel,1,6,3
homme,34,1.66,66,aguerri,6,4,5
homme,40,1.7,74,occasionnel,2,5,3
homme,38,1.72,66,occasionnel,1,3,3
homme,44,1.82,91,occasionnel,1,5,5
homme,52,1.74,62,occasionnel,2,5,2
femme,24,1.68,73,régulier,2,5,4
homme,34,1.73,69,occasionnel,2,4,3
homme,39,1.75,88,régulier,4,3,4
homme,23,1.75,71,régulier,3,2,3
homme,26,1.6,67,occasionnel,3,3,3
homme,47,1.82,82,occasionnel,2,4,2
homme,37,1.75,71,régulier,5,3,5
homme,23,1.74,80,occasionnel,2,4,4
homme,22,1.79,78,aguerri,5,1,6
homme,54,1.76,71,occasionnel,2,5,3
femme,25,1.61,48,régulier,3,4,4
femme,23,1.56,67,aguerri,4,4,6
homme,54,1.76,70,régulier,4,3,5
homme,41,2.0,98,régulier,4,3,5
femme,44,1.54,68,occasionnel,1,7,2
femme,29,1.61,72,occasionnel,1,3,2
femme,53,1.8,83,occasionnel,1,3,3
homme,43,1.69,57,aguerri,8,2,4
homme,23,1.85,75,occasionnel,1,4,3
femme,39,1.65,67,occasionnel,1,3,3
homme,46,1.73,73,régulier,5,3,4
homme,21,1.68,61,occasionnel,1,4,2
homme,20,1.79,76,occasionnel,1,4,3
femme,33,1.59,65,occasionnel,1,6,1
femme,46,1.58,54,régulier,2,4,4
femme,52,1.62,66,aguerri,5,2,7
femme,19,1.61,59,régulier,3,5,5
homme,53,1.77,69,régulier,4,3,3
homme,51,1.71,75,régulier,6,2,4
homme,18,1.68,73,occasionnel,1,3,3
femme,41,1.6,67,aguerri,2,2,6
femme,19,1.66,63,occasionnel,1,6,3
femme,51,1.71,65,occasionnel,1,6,4
homme,38,1.84,95,régulier,7,4,5
femme,27,1.53,54,régulier,2,5,4
femme,52,1.57,63,occasionnel,0,3,4
homme,21,1.85,67,régulier,4,4,3
homme,30,1.74,85,régulier,5,4,6
homme,37,1.75,71,régulier,4,2,3
femme,32,1.74,64,régulier,2,6,6
homme,30,1.77,76,aguerri,7,3,4
homme,43,1.82,91,occasionnel,1,4,4
femme,34,1.62,68,occasionnel,1,5,3
femme,46,1.68,77,aguerri,4,1,6
femme,54,1.62,65,occasionnel,2,4,3
homme,30,1.8,81,occasionnel,2,5,5
femme,53,1.61,66,régulier,3,4,3
homme,35,1.78,88,aguerri,6,2,6
femme,41,1.63,58,aguerri,2,2,7
femme,49,1.7,78,régulier,3,2,3
homme,52,1.74,71,régulier,5,2,5
femme,46,1.73,73,aguerri,3,4,7
femme,45,1.54,53,régulier,2,5,5
femme,33,1.62,59,régulier,2,3,4
femme,20,1.75,87,occasionnel,1,5,3
femme,28,1.64,55,aguerri,6,2,8
homme,25,1.74,77,régulier,3,3,3
femme,49,1.65,59,aguerri,4,1,6
femme,32,1.73,80,occasionnel,0,7,2
femme,37,1.66,74,occasionnel,1,4,3
homme,29,1.76,78,occasionnel,3,4,2
femme,23,1.65,66,régulier,2,5,3
homme,41,1.69,56,régulier,7,2,5
femme,53,1.64,72,aguerri,3,3,8
homme,43,1.8,75,régulier,5,2,5
femme,23,1.6,49,régulier,4,1,4
femme,20,1.61,48,régulier,4,2,4
femme,54,1.74,74,occasionnel,1,4,4
homme,54,1.83,80,aguerri,6,2,4
homme,51,1.78,80,occasionnel,1,4,3
femme,33,1.61,66,aguerri,4,3,5
homme,43,1.79,79,occasionnel,3,3,4
femme,22,1.59,57,régulier,4,2,6
homme,21,1.84,80,régulier,4,2,6
homme,32,1.86,104,régulier,4,3,5
homme,52,1.87,91,occasionnel,2,5,5
homme,29,1.67,68,occasionnel,2,4,3
homme,40,1.79,81,régulier,4,2,5
homme,44,1.95,102,aguerri,7,3,6
homme,48,1.74,77,aguerri,7,3,4
femme,18,1.59,61,occasionnel,0,5,3
homme,25,1.67,70,régulier,4,4,6
femme,50,1.62,58,régulier,3,3,4
homme,27,1.74,74,occasionnel,1,3,3
homme,28,1.82,96,aguerri,6,1,4
homme,23,1.78,69,occasionnel,1,5,3
femme,20,1.64,60,occasionnel,1,6,3
homme,48,1.76,63,régulier,4,4,2
femme,40,1.65,72,occasionnel,1,5,4
femme,51,1.63,61,occasionnel,1,5,3
femme,21,1.68,63,aguerri,5,3,6
femme,41,1.61,66,régulier,2,5,5
femme,27,1.65,72,aguerri,5,3,5
femme,38,1.68,68,occasionnel,1,5,3
femme,19,1.64,77,régulier,2,5,3
homme,45,1.8,72,occasionnel,1,4,5
femme,53,1.59,59,régulier,3,4,4
femme,22,1.62,49,occasionnel,0,4,3
femme,38,1.57,54,occasionnel,1,6,2
femme,52,1.6,47,occasionnel,1,6,4
homme,50,1.93,83,aguerri,8,3,6
homme,22,1.92,90,régulier,2,2,5
homme,37,1.69,60,régulier,4,3,4
femme,49,1.6,60,occasionnel,1,7,3
femme,21,1.68,86,régulier,2,6,7
homme,33,1.72,74,aguerri,6,3,5
homme,39,1.79,82,occasionnel,2,2,6
femme,35,1.67,80,régulier,2,2,4
femme,46,1.58,60,régulier,3,3,5
femme,42,1.64,55,régulier,2,2,5
homme,42,1.83,95,régulier,4,2,6
femme,29,1.56,50,régulier,3,3,6
femme,52,1.63,60,occasionnel,1,4,4
femme,21,1.8,74,occasionnel,1,3,3
femme,48,1.51,57,aguerri,3,3,5
homme,50,1.87,90,régulier,3,3,6
homme,27,1.74,80,occasionnel,1,3,5
homme,54,1.83,79,régulier,6,4,3
femme,23,1.62,60,occasionnel,1,6,3
homme,52,1.71,54,occasionnel,3,3,2
homme,38,1.66,58,régulier,7,1,5
femme,43,1.7,61,régulier,3,3,5
femme,29,1.61,56,occasionnel,2,6,3
femme,34,1.68,64,régulier,2,3,5
homme,39,1.76,76,occasionnel,2,5,4
femme,21,1.56,59,régulier,3,6,7
homme,19,1.84,80,occasionnel,1,4,2
homme,22,1.79,63,aguerri,5,3,5
femme,35,1.71,76,occasionnel,1,6,4
femme,25,1.59,64,aguerri,6,2,5
homme,38,1.81,71,régulier,3,1,6
femme,46,1.67,73,occasionnel,1,3,4
femme,50,1.63,56,occasionnel,1,6,3
homme,44,1.81,71,régulier,4,4,3
femme,40,1.7,66,occasionnel,1,5,2
homme,26,1.7,77,régulier,5,3,5
femme,25,1.73,68,occasionnel,1,3,3
femme,20,1.7,65,régulier,3,4,3
femme,50,1.7,55,régulier,2,4,5
femme,39,1.69,63,aguerri,3,2,8
homme,50,1.74,73,régulier,5,2,6
femme,29,1.63,57,régulier,3,3,6
femme,45,1.6,54,occasionnel,1,6,2
femme,43,1.64,52,aguerri,4,2,5
homme,25,1.76,67,occasionnel,2,5,3
homme,34,1.79,59,occasionnel,3,4,3
homme,36,1.8,83,régulier,6,3,5
homme,40,1.75,79,régulier,5,4,5
homme,50,1.86,75,régulier,5,3,5
homme,26,1.81,85,régulier,3,4,3
femme,29,1.81,74,occasionnel,0,4,3
femme,35,1.65,59,régulier,3,4,4
homme,28,1.87,66,régulier,4,3,3
femme,18,1.73,84,occasionnel,1,4,3
femme,29,1.65,69,régulier,3,2,4
homme,32,1.78,76,régulier,4,3,4
homme,30,1.78,80,régulier,4,2,4
homme,38,1.64,71,occasionnel,2,3,3
homme,52,1.86,103,aguerri,6,1,6
homme,44,1.8,95,aguerri,8,1,7
femme,29,1.65,71,aguerri,4,3,6
homme,32,1.76,81,régulier,4,4,5
homme,52,1.86,81,occasionnel,2,3,4
homme,33,1.79,87,régulier,4,4,6
femme,52,1.71,75,aguerri,4,1,7
homme,26,1.8,88,régulier,3,3,3
homme,25,1.65,67,occasionnel,1,3,3
homme,48,1.84,75,occasionnel,3,4,4
homme,47,1.66,76,aguerri,7,1,8
femme,37,1.7,61,régulier,3,5,4
homme,48,1.8,69,occasionnel,0,5,2
femme,39,1.6,70,régulier,2,3,4
homme,36,1.81,78,aguerri,6,3,5
femme,40,1.64,66,occasionnel,1,3,3
homme,34,1.78,82,occasionnel,1,4,2
homme,30,1.8,81,régulier,4,3,5
homme,51,1.79,74,occasionnel,1,4,2
femme,27,1.67,62,régulier,3,4,6
femme,34,1.7,61,aguerri,5,1,5
femme,29,1.64,66,occasionnel,1,3,2
femme,33,1.66,67,occasionnel,2,3,4
femme,20,1.66,71,régulier,3,2,6
femme,28,1.64,59,aguerri,5,2,4
homme,25,1.89,75,régulier,3,3,6
homme,43,1.7,68,occasionnel,3,4,2
femme,39,1.57,61,régulier,3,4,5
homme,30,1.89,74,régulier,3,4,4
femme,28,1.6,72,régulier,4,3,7
femme,47,1.59,64,régulier,2,5,5
femme,38,1.7,65,occasionnel,1,4,3
homme,44,2.0,78,aguerri,6,2,4
femme,31,1.54,68,régulier,3,5,7
homme,18,1.75,80,occasionnel,2,4,4
homme,24,1.88,81,aguerri,6,2,5
homme,45,1.68,60,régulier,6,3,3
homme,41,1.78,88,occasionnel,2,3,3
homme,23,1.7,60,occasionnel,1,2,4
homme,22,1.84,84,régulier,4,2,4
femme,33,1.74,57,régulier,3,2,4
homme,49,1.83,65,occasionnel,1,5,3
femme,34,1.68,75,aguerri,5,2,7
homme,46,1.82,68,occasionnel,1,3,4
homme,20,1.61,63,régulier,4,1,6
femme,21,1.76,74,régulier,3,3,5
femme,52,1.68,65,aguerri,5,3,5
femme,20,1.65,66,aguerri,3,1,5
femme,50,1.67,75,régulier,2,3,3
homme,21,1.83,89,aguerri,5,3,7
homme,27,1.78,74,aguerri,10,1,5
femme,44,1.66,60,régulier,3,4,5
homme,46,1.77,68,aguerri,8,2,4
femme,32,1.77,70,régulier,2,4,4
homme,32,1.82,92,occasionnel,1,3,4
homme,18,1.83,95,occasionnel,2,4,4
femme,38,1.55,54,aguerri,4,3,3
femme,40,1.59,47,occasionnel,1,6,3
femme,30,1.67,52,régulier,2,5,4
homme,45,1.75,86,aguerri,8,2,7
homme,45,1.88,85,régulier,5,2,4
femme,32,1.69,67,occasionnel,1,5,4
homme,52,1.91,67,aguerri,7,3,3
homme,49,1.68,80,régulier,4,2,4
homme,39,1.8,80,régulier,4,3,4
homme,30,1.76,57,régulier,4,4,5
femme,50,1.74,67,occasionnel,1,3,3
homme,36,1.81,94,occasionnel,4,4,4
femme,18,1.68,52,occasionnel,1,3,4
femme,43,1.67,63,régulier,3,5,6
homme,32,1.83,71,aguerri,8,3,6
homme,24,1.8,75,régulier,4,3,3
femme,19,1.63,71,occasionnel,1,6,2
homme,37,1.65,70,aguerri,6,2,5
femme,28,1.69,59,régulier,3,1,6
femme,54,1.73,62,régulier,3,2,3
femme,46,1.69,56,occasionnel,1,5,3
homme,33,1.7,63,occasionnel,1,3,4
femme,29,1.68,67,régulier,3,3,4
femme,45,1.7,58,régulier,3,2,5
femme,54,1.63,60,régulier,3,3,4
femme,23,1.65,54,régulier,3,4,5
femme,44,1.72,64,aguerri,4,4,7
femme,28,1.67,79,occasionnel,1,6,3
femme,32,1.54,46,régulier,3,2,4
femme,36,1.56,48,aguerri,4,3,5
femme,42,1.71,67,régulier,2,6,4
femme,36,1.63,74,régulier,2,2,5
homme,32,1.71,97,aguerri,6,1,7
femme,39,1.66,72,régulier,2,4,5
homme,41,1.76,71,aguerri,7,3,6
femme,37,1.53,47,occasionnel,1,6,2
homme,37,1.87,65,occasionnel,3,3,2
femme,25,1.57,50,occasionnel,1,5,2
femme,40,1.68,75,occasionnel,1,3,3
femme,40,1.54,54,occasionnel,1,3,3
femme,34,1.67,52,aguerri,4,5,6
homme,29,1.75,83,régulier,5,3,4
homme,34,1.9,87,aguerri,7,3,5
homme,45,1.78,87,occasionnel,2,5,3
femme,31,1.72,63,occasionnel,1,5,5
homme,39,1.87,101,régulier,3,3,4
femme,25,1.61,57,aguerri,6,2,5
homme,47,1.74,85,aguerri,7,1,4
femme,32,1.68,99,aguerri,3,1,6
femme,33,1.66,59,occasionnel,1,4,3
homme,50,1.83,99,occasionnel,2,4,2
homme,52,1.71,59,régulier,4,2,4
femme,19,1.66,87,régulier,3,5,5
femme,36,1.61,60,occasionnel,1,3,3
femme,44,1.67,57,occasionnel,0,7,3
femme,37,1.7,71,régulier,2,5,3
femme,40,1.72,61,aguerri,3,2,4
femme,50,1.67,68,occasionnel,0,5,3
femme,40,1.76,82,régulier,3,4,4
homme,54,1.79,70,occasionnel,2,2,3
homme,25,1.78,80,occasionnel,1,3,2
homme,18,1.65,74,occasionnel,2,5,4
homme,43,1.75,83,occasionnel,3,4,3
homme,48,1.79,81,occasionnel,2,2,3
femme,21,1.63,65,régulier,3,2,5
femme,52,1.67,71,régulier,2,3,4
femme,54,1.58,57,occasionnel,0,7,2
femme,25,1.67,65,régulier,4,5,5
homme,46,1.85,81,occasionnel,2,2,5
femme,49,1.67,53,régulier,3,5,3
femme,21,1.61,57,occasionnel,1,6,3
femme,20,1.64,54,aguerri,4,2,5
homme,47,1.79,67,régulier,5,4,5
homme,31,1.74,71,occasionnel,1,4,4
femme,29,1.64,64,occasionnel,2,5,5
femme,30,1.8,90,régulier,2,3,4
homme,34,1.77,67,occasionnel,1,5,2
femme,54,1.77,74,régulier,3,3,4
homme,53,1.77,74,régulier,6,3,4
femme,39,1.61,59,occasionnel,0,5,4
homme,37,1.72,72,régulier,3,5,2
femme,47,1.65,78,occasionnel,1,7,4
femme,33,1.65,62,régulier,2,2,3
homme,45,1.86,90,occasionnel,2,4,3
homme,20,1.84,98,occasionnel,1,4,4
homme,27,1.82,66,régulier,4,2,3
homme,44,1.76,57,régulier,5,2,4
femme,19,1.57,61,régulier,2,5,7
femme,38,1.66,60,occasionnel,1,6,3
femme,53,1.7,65,régulier,3,4,3
homme,31,1.79,75,régulier,5,4,3
femme,51,1.67,73,occasionnel,1,5,4
femme,40,1.66,74,aguerri,5,2,6
femme,40,1.6,60,occasionnel,0,6,3
femme,23,1.59,71,régulier,3,4,4
homme,44,1.75,58,régulier,5,4,3
femme,40,1.6,62,régulier,2,2,5
femme,51,1.58,66,régulier,3,4,6
homme,21,1.82,97,occasionnel,1,4,2
femme,21,1.63,76,occasionnel,1,8,3
femme,46,1.57,59,occasionnel,1,6,3
homme,40,1.73,76,régulier,4,2,4
homme,18,1.77,76,occasionnel,1,4,2
femme,41,1.6,62,aguerri,3,4,5
femme,54,1.72,74,occasionnel,0,4,4
homme,43,1.82,71,aguerri,6,2,5
homme,27,1.74,80,aguerri,5,2,6
homme,35,1.76,61,occasionnel,1,5,4
femme,19,1.72,76,aguerri,5,2,9
homme,39,1.88,91,occasionnel,2,3,3
homme,27,1.74,71,occasionnel,1,4,3
femme,38,1.71,94,occasionnel,2,5,3
femme,41,1.53,52,régulier,4,3,4
femme,53,1.71,54,occasionnel,0,3,3
femme,45,1.66,70,occasionnel,1,4,3
femme,27,1.7,69,régulier,3,3,4
femme,41,1.67,66,occasionnel,1,6,3
homme,54,1.76,64,régulier,5,2,4
femme,25,1.62,54,occasionnel,1,5,3
homme,40,1.74,79,occasionnel,2,3,4
homme,43,1.77,65,régulier,5,4,3
homme,23,1.76,73,aguerri,5,1,4
femme,41,1.65,66,régulier,2,5,4
femme,26,1.62,57,régulier,3,3,4
femme,48,1.56,59,occasionnel,1,5,4
femme,34,1.79,63,occasionnel,1,4,4
femme,26,1.54,49,occasionnel,2,3,3
homme,40,1.84,78,occasionnel,1,3,3
femme,45,1.53,57,occasionnel,1,5,3
femme,41,1.61,70,aguerri,4,1,7
femme,25,1.63,84,occasionnel,1,7,4
femme,46,1.66,63,occasionnel,0,4,3
femme,38,1.63,69,régulier,3,5,7
homme,24,1.86,82,régulier,3,2,6
homme,34,1.81,82,régulier,5,2,6
homme,41,1.67,74,occasionnel,2,3,3
femme,30,1.62,74,occasionnel,1,2,3
femme,35,1.65,74,régulier,2,3,7
homme,37,1.74,78,régulier,6,3,5
homme,51,1.84,77,régulier,4,1,4
femme,26,1.54,58,régulier,5,4,5
femme,21,1.66,64,occasionnel,1,3,4
femme,30,1.75,70,occasionnel,1,5,4
femme,20,1.69,53,aguerri,4,3,7
homme,29,1.79,66,aguerri,5,2,4
homme,37,1.8,94,aguerri,10,2,7
homme,39,1.71,60,régulier,3,3,2
homme,44,1.77,65,régulier,5,2,3
homme,40,1.79,101,aguerri,9,3,8
femme,34,1.69,75,régulier,2,3,4
femme,30,1.64,68,aguerri,3,1,5
homme,33,1.86,68,régulier,4,2,6
femme,24,1.76,81,aguerri,6,2,8
homme,29,1.71,83,régulier,5,2,4
homme,30,1.7,79,occasionnel,0,4,2
femme,50,1.59,60,occasionnel,1,6,2
homme,46,1.68,69,régulier,3,5,4
femme,37,1.61,63,régulier,2,3,4
femme,45,1.62,67,régulier,3,4,4
femme,52,1.68,79,aguerri,4,2,4
femme,25,1.73,59,régulier,2,5,4
homme,20,1.72,55,aguerri,6,2,5
femme,53,1.65,65,occasionnel,1,5,2
femme,19,1.55,52,aguerri,5,3,6
homme,24,1.69,72,régulier,5,2,5
homme,40,1.79,59,régulier,6,4,4
homme,31,1.87,85,régulier,3,3,5
femme,38,1.65,66,régulier,3,3,5
homme,53,1.74,77,occasionnel,1,4,4
femme,47,1.65,72,aguerri,4,3,4
homme,41,1.7,80,occasionnel,1,4,3
femme,49,1.63,60,aguerri,5,2,7
homme,46,1.83,81,régulier,4,2,4
femme,41,1.63,67,régulier,2,5,6
femme,36,1.59,56,régulier,2,2,3
femme,47,1.59,55,occasionnel,1,3,4
femme,19,1.71,67,occasionnel,1,3,4
femme,30,1.7,65,occasionnel,1,5,3
femme,28,1.55,55,régulier,3,5,4
homme,42,1.67,59,occasionnel,1,4,3
femme,51,1.66,70,régulier,2,6,4
femme,32,1.64,60,régulier,2,3,6
femme,54,1.64,66,régulier,4,3,4
homme,45,1.77,72,occasionnel,2,3,3
femme,43,1.6,75,régulier,2,4,4
homme,51,1.63,60,aguerri,8,2,5
homme,39,1.71,69,régulier,3,3,5
homme,45,1.78,59,occasionnel,2,4,3
homme,24,1.77,69,occasionnel,2,2,3
femme,44,1.59,68,aguerri,3,1,4
femme,36,1.64,72,régulier,3,3,4
homme,33,1.6,66,aguerri,6,3,4
femme,50,1.66,61,aguerri,3,1,5
homme,40,1.72,60,occasionnel,3,4,4
homme,37,1.78,72,régulier,6,4,3
homme,53,1.77,74,occasionnel,1,3,2
homme,52,1.79,59,occasionnel,2,4,3
homme,49,1.6,66,régulier,5,3,7
femme,48,1.6,60,régulier,3,4,5
femme,47,1.65,69,aguerri,4,2,6
femme,42,1.64,50,occasionnel,1,3,2
femme,34,1.72,80,occasionnel,1,4,4
femme,32,1.64,74,occasionnel,0,4,5
femme,19,1.59,55,occasionnel,1,5,4
homme,52,1.7,62,aguerri,8,3,7
femme,52,1.61,58,régulier,4,4,3
homme,30,1.86,100,occasionnel,2,3,4
homme,43,1.79,86,régulier,5,3,3
homme,49,1.77,69,régulier,4,2,4
femme,19,1.59,76,aguerri,3,2,9
femme,54,1.67,52,régulier,2,4,5
femme,30,1.67,60,régulier,2,4,4
femme,22,1.72,74,aguerri,5,1,8
homme,46,1.83,86,aguerri,10,4,4
homme,52,1.74,72,régulier,4,3,5
femme,48,1.67,52,régulier,2,6,4
femme,43,1.67,60,occasionnel,0,5,4
femme,44,1.62,51,aguerri,4,3,4
homme,38,1.64,58,régulier,5,2,5
femme,54,1.72,74,occasionnel,0,3,4
femme,30,1.69,81,occasionnel,1,5,3
homme,26,1.79,81,aguerri,5,1,7
femme,35,1.62,69,aguerri,4,2,8
homme,41,1.84,81,occasionnel,1,3,3
homme,32,1.84,98,occasionnel,2,4,3
homme,40,1.66,64,aguerri,8,1,7
femme,53,1.5,66,occasionnel,0,6,3
homme,39,1.83,85,régulier,4,2,4
femme,38,1.68,52,occasionnel,0,5,2
femme,37,1.68,64,occasionnel,1,5,3
femme,27,1.62,81,aguerri,5,2,4
homme,46,1.72,70,occasionnel,3,5,4
femme,35,1.75,66,aguerri,4,1,6
homme,20,1.84,75,occasionnel,1,3,3
homme,52,1.76,73,aguerri,6,1,6
femme,27,1.62,54,régulier,4,2,4
homme,23,1.84,84,régulier,3,3,5
femme,39,1.53,52,occasionnel,1,5,4
homme,32,1.8,79,occasionnel,2,4,3
homme,36,1.7,66,aguerri,7,2,4
femme,50,1.66,64,régulier,2,4,5
femme,41,1.7,82,régulier,2,3,4
femme,39,1.58,59,aguerri,4,2,5
femme,51,1.63,63,occasionnel,1,4,4
homme,28,1.81,78,occasionnel,0,3,2
femme,52,1.67,75,régulier,1,3,6
femme,40,1.63,72,aguerri,4,3,7
femme,40,1.65,56,occasionnel,0,3,4
femme,39,1.67,56,aguerri,4,4,5
homme,19,1.66,75,régulier,5,4,6
homme,49,1.85,77,occasionnel,2,4,2
femme,22,1.67,59,régulier,4,3,6
femme,29,1.66,68,occasionnel,0,6,2
homme,53,1.72,61,occasionnel,2,4,3
homme,43,1.75,76,régulier,5,4,6
femme,47,1.5,48,aguerri,4,4,7
homme,23,1.63,62,régulier,2,2,7
homme,33,1.75,80,régulier,3,2,5
femme,41,1.63,65,occasionnel,1,5,3
homme,32,1.82,89,régulier,3,4,4
femme,53,1.65,67,occasionnel,2,5,2
femme,39,1.65,78,occasionnel,1,4,3
femme,37,1.69,67,occasionnel,1,6,3
homme,31,1.82,81,régulier,4,3,2
homme,27,1.79,76,régulier,3,2,4
homme,52,1.74,74,occasionnel,2,4,3
femme,32,1.63,62,régulier,4,1,5
homme,41,1.71,73,occasionnel,3,2,5
homme,39,1.64,63,occasionnel,3,4,4
homme,51,1.68,55,occasionnel,1,5,3
femme,21,1.65,50,occasionnel,1,2,3
femme,20,1.58,65,occasionnel,1,5,3
femme,42,1.62,55,régulier,2,4,4
femme,36,1.65,75,aguerri,5,1,5
homme,27,1.69,75,régulier,4,4,4
homme,50,1.72,72,régulier,4,4,7
homme,41,1.78,74,occasionnel,1,4,3
homme,34,1.9,85,aguerri,6,2,4
femme,30,1.61,60,régulier,2,5,4
femme,53,1.7,62,régulier,2,3,4
homme,40,1.77,72,régulier,6,3,4
homme,43,1.83,80,régulier,5,2,4
femme,44,1.61,62,régulier,4,4,4
homme,48,1.82,70,aguerri,7,4,6
homme,39,1.89,80,occasionnel,2,5,2
femme,46,1.66,69,régulier,3,2,4
homme,34,1.83,77,occasionnel,2,5,3
femme,22,1.6,68,aguerri,5,3,9
homme,40,1.79,67,occasionnel,1,2,4
homme,50,1.86,85,occasionnel,4,3,3
homme,37,1.84,70,occasionnel,3,4,3
homme,53,1.76,61,régulier,6,3,4
femme,38,1.56,68,régulier,2,6,3
homme,29,1.71,77,occasionnel,1,3,4
homme,47,1.79,74,régulier,4,4,3
homme,29,1.87,91,occasionnel,1,4,4
homme,30,1.84,90,aguerri,5,2,7
femme,24,1.65,74,aguerri,4,2,7
homme,42,1.7,76,régulier,5,3,4
homme,31,1.82,76,occasionnel,2,4,3
homme,30,1.87,76,régulier,4,3,4
femme,37,1.65,72,occasionnel,1,6,5
homme,43,1.7,65,occasionnel,2,5,3
femme,46,1.76,57,aguerri,5,2,5
femme,40,1.61,63,occasionnel,1,4,3
femme,23,1.73,73,régulier,2,4,5
homme,30,1.68,78,régulier,5,3,3
homme,23,1.74,59,aguerri,8,3,6
femme,41,1.69,90,régulier,2,2,6
homme,40,1.87,79,occasionnel,1,5,4
femme,41,1.68,65,régulier,3,2,4
homme,27,1.83,70,régulier,5,3,5
femme,34,1.61,73,régulier,3,3,6
femme,26,1.7,74,occasionnel,2,4,2
homme,36,1.79,72,régulier,6,1,4
homme,27,1.8,66,occasionnel,3,2,2
femme,52,1.66,66,aguerri,4,1,7
homme,40,1.75,70,aguerri,10,2,3
femme,46,1.79,81,régulier,2,3,5
femme,54,1.63,49,régulier,3,3,5
femme,27,1.55,51,occasionnel,1,4,4
homme,45,1.61,52,occasionnel,2,4,3
femme,48,1.64,76,occasionnel,1,4,5
homme,27,1.82,74,aguerri,5,1,5
homme,25,1.69,55,aguerri,5,2,4
femme,43,1.71,66,régulier,2,3,4
homme,23,1.68,75,occasionnel,2,5,2
homme,53,1.7,66,occasionnel,2,6,3
femme,19,1.76,73,occasionnel,0,2,2
femme,34,1.5,59,occasionnel,2,7,3
femme,35,1.61,57,régulier,1,5,4
femme,47,1.61,55,régulier,2,4,5
homme,37,1.92,96,aguerri,8,2,7
femme,36,1.61,62,occasionnel,1,5,3
homme,49,1.73,79,occasionnel,3,3,3
homme,50,1.9,79,aguerri,8,3,5
femme,28,1.56,49,occasionnel,1,5,3
homme,42,1.85,78,aguerri,8,2,6
femme,20,1.62,68,régulier,3,3,5
homme,29,1.81,67,régulier,5,1,3
homme,53,1.77,99,aguerri,5,4,6
femme,28,1.63,50,aguerri,5,3,6
homme,52,1.85,82,régulier,4,4,4
femme,18,1.63,64,régulier,2,3,5
femme,52,1.64,65,régulier,2,4,4
femme,32,1.65,67,occasionnel,1,5,2
homme,23,1.68,74,occasionnel,1,2,3
homme,20,1.79,64,régulier,5,4,3
homme,39,1.74,56,aguerri,7,1,4
femme,47,1.75,73,occasionnel,1,5,4
femme,51,1.71,77,aguerri,3,2,7
femme,32,1.5,63,aguerri,4,3,7
homme,23,1.81,76,régulier,4,2,6
femme,35,1.55,58,occasionnel,1,6,4
homme,23,1.74,98,régulier,4,2,7
femme,36,1.65,56,occasionnel,0,6,2
femme,51,1.65,51,occasionnel,1,5,3
femme,30,1.69,66,occasionnel,2,4,2
femme,27,1.63,49,régulier,4,5,4
femme,41,1.66,63,occasionnel,2,3,4
femme,34,1.55,55,occasionnel,1,4,1
femme,22,1.6,76,occasionnel,1,9,4
homme,47,1.64,70,aguerri,9,2,5
homme,46,1.82,91,aguerri,5,2,7
femme,21,1.64,55,régulier,4,3,2
femme,41,1.68,56,aguerri,4,1,5
homme,49,1.78,65,régulier,5,2,4
homme,44,1.78,70,occasionnel,2,4,3
femme,45,1.72,72,régulier,2,4,4
femme,25,1.59,63,occasionnel,0,5,3
femme,40,1.56,64,régulier,3,1,4
femme,45,1.63,66,régulier,1,4,4
homme,53,1.63,63,régulier,3,2,4
femme,35,1.59,56,aguerri,3,3,5
homme,34,1.71,76,régulier,4,3,6
homme,50,1.79,78,occasionnel,2,5,5
femme,38,1.66,65,aguerri,3,4,6
femme,36,1.67,76,aguerri,4,4,6
homme,46,1.9,94,occasionnel,2,3,3
homme,45,1.71,78,occasionnel,3,5,5
homme,40,1.83,69,régulier,4,4,3
femme,43,1.62,58,régulier,2,5,5
homme,20,1.84,94,occasionnel,2,5,5
femme,24,1.72,68,occasionnel,0,6,4
homme,42,1.75,87,aguerri,8,4,6
homme,35,1.75,92,régulier,5,3,4
femme,52,1.57,52,régulier,2,3,6
femme,31,1.61,49,régulier,2,5,4
homme,26,1.61,60,régulier,3,4,4
femme,35,1.66,67,aguerri,3,2,6
homme,35,1.81,84,aguerri,9,3,7
femme,33,1.72,64,régulier,3,4,6
femme,26,1.66,69,régulier,4,3,4
homme,40,1.77,71,régulier,4,4,5
femme,39,1.68,72,régulier,2,3,6
homme,34,1.77,75,occasionnel,2,4,3
femme,35,1.74,77,régulier,4,2,3
homme,47,1.72,81,régulier,4,4,3
homme,50,1.9,78,régulier,4,3,7
femme,36,1.66,79,régulier,3,2,5
homme,23,1.8,77,aguerri,6,4,3
femme,28,1.73,70,régulier,3,6,4
homme,45,1.81,69,régulier,3,4,6
homme,19,1.77,65,aguerri,7,3,6
femme,23,1.69,70,régulier,4,5,5
femme,46,1.68,66,aguerri,4,3,6
femme,42,1.59,53,régulier,2,4,5
femme,20,1.62,60,aguerri,6,3,5
homme,29,1.87,84,occasionnel,1,4,3
homme,19,1.79,85,aguerri,6,2,7
homme,28,1.72,72,occasionnel,1,3,2
homme,39,1.85,79,régulier,5,3,3
homme,33,1.69,75,occasionnel,2,4,2
homme,48,1.74,63,occasionnel,1,3,4
femme,32,1.58,72,régulier,3,2,3
femme,52,1.55,51,occasionnel,1,3,3
homme,26,1.66,53,occasionnel,1,4,3
femme,42,1.72,79,aguerri,4,3,6
femme,50,1.58,51,régulier,2,3,4
femme,32,1.65,57,occasionnel,1,5,3
homme,47,1.82,91,aguerri,7,1,5
femme,19,1.68,80,aguerri,3,5,8
homme,43,1.77,72,occasionnel,0,2,4
homme,32,1.88,92,aguerri,6,2,6
femme,46,1.68,70,occasionnel,1,5,5
homme,47,1.77,67,occasionnel,1,4,2
homme,30,1.61,67,occasionnel,1,4,3
femme,37,1.75,71,régulier,2,1,5
homme,46,1.81,84,aguerri,5,3,6
femme,32,1.7,75,occasionnel,1,5,4
homme,30,1.7,65,régulier,4,3,5
homme,54,1.74,78,occasionnel,1,3,4
femme,51,1.7,70,régulier,4,3,5
homme,48,1.73,65,aguerri,6,1,6
femme,18,1.69,75,occasionnel,1,5,5
femme,31,1.53,55,occasionnel,1,5,4
homme,21,1.83,73,occasionnel,2,5,3
homme,46,1.73,69,régulier,6,3,4
femme,42,1.59,65,occasionnel,2,3,4
homme,36,1.74,56,occasionnel,2,4,1
femme,45,1.54,56,aguerri,4,2,4
homme,36,1.68,69,occasionnel,1,4,1
femme,33,1.75,80,régulier,3,4,3
homme,18,1.72,67,occasionnel,1,4,1
femme,36,1.71,62,occasionnel,2,4,2
homme,32,1.68,69,régulier,3,4,5
homme,21,1.87,93,occasionnel,1,4,3
homme,45,1.85,79,aguerri,7,3,5
femme,29,1.58,71,occasionnel,1,6,3
femme,27,1.54,47,régulier,2,3,6
femme,30,1.53,44,aguerri,6,1,5
femme,26,1.62,60,régulier,4,4,7
femme,30,1.61,61,aguerri,3,1,4
homme,36,1.82,97,régulier,6,2,4
homme,21,1.6,53,aguerri,6,3,7
homme,23,1.93,84,occasionnel,2,2,4
homme,46,1.81,75,occasionnel,1,4,3
femme,34,1.53,47,régulier,2,4,4
femme,30,1.7,73,occasionnel,1,4,5
femme,41,1.71,76,aguerri,6,2,6
homme,43,1.8,80,occasionnel,2,3,1
homme,40,1.72,67,régulier,6,3,4
femme,53,1.65,51,occasionnel,1,3,2
homme,45,1.82,70,régulier,5,4,3
homme,30,1.81,69,aguerri,7,4,5
homme,31,1.75,59,aguerri,6,1,3
homme,46,1.89,87,régulier,3,3,4
homme,54,1.67,68,occasionnel,1,5,2
femme,51,1.57,61,aguerri,4,2,5
homme,34,1.76,79,régulier,3,3,5
homme,38,1.86,82,aguerri,7,2,4
homme,44,1.86,98,régulier,7,1,5
homme,31,1.85,81,aguerri,7,2,6
femme,32,1.6,60,occasionnel,1,4,3
homme,21,1.75,77,régulier,5,3,7
homme,22,1.73,58,régulier,4,2,4
femme,22,1.62,60,occasionnel,1,4,2
homme,20,1.78,76,aguerri,7,2,6
homme,43,1.83,86,régulier,5,3,5
homme,40,1.86,83,aguerri,6,2,5
homme,39,1.81,79,aguerri,9,2,7
femme,30,1.78,93,régulier,3,3,7
femme,31,1.59,47,occasionnel,2,4,4
homme,25,1.77,75,aguerri,5,1,5
homme,27,1.76,64,régulier,6,5,7
homme,21,1.84,65,régulier,3,1,5
femme,20,1.64,71,occasionnel,1,4,4
femme,32,1.69,58,régulier,3,3,5
femme,54,1.68,76,aguerri,5,3,7
femme,28,1.6,68,occasionnel,1,4,5
femme,52,1.61,61,régulier,2,3,3
homme,34,1.73,62,occasionnel,1,4,2
femme,39,1.7,70,occasionnel,1,5,1
femme,31,1.71,59,occasionnel,1,5,3
homme,49,1.75,89,occasionnel,1,3,3
femme,23,1.63,73,régulier,3,2,4
homme,50,1.65,74,régulier,5,2,3
femme,27,1.69,53,régulier,3,4,3
femme,30,1.72,73,régulier,3,5,2
homme,27,1.75,73,aguerri,6,2,4
homme,47,1.8,80,régulier,5,1,5
homme,35,1.81,70,aguerri,4,3,4
homme,31,1.75,73,régulier,4,4,5
femme,21,1.67,64,occasionnel,1,6,3
femme,30,1.65,64,occasionnel,1,6,3
femme,31,1.74,79,aguerri,3,4,6
femme,23,1.6,59,aguerri,4,3,4
femme,50,1.51,49,occasionnel,2,7,2
femme,50,1.54,62,occasionnel,1,5,4
homme,42,1.79,90,régulier,4,3,5
homme,37,1.85,96,occasionnel,2,4,3
homme,29,1.82,78,régulier,4,3,4
femme,29,1.62,73,aguerri,5,1,4
femme,37,1.67,63,occasionnel,2,5,3
femme,52,1.69,65,régulier,3,3,5
homme,24,1.72,83,occasionnel,2,4,4
femme,18,1.63,51,occasionnel,0,4,3
femme,31,1.59,50,aguerri,6,3,4
femme,33,1.62,69,occasionnel,1,4,4
femme,24,1.61,62,régulier,4,4,6
homme,30,1.75,73,aguerri,4,2,7
femme,40,1.66,79,régulier,2,3,4
homme,46,1.85,103,aguerri,6,2,6
homme,49,1.77,80,occasionnel,2,5,5
femme,27,1.77,81,régulier,3,4,5
femme,20,1.61,62,régulier,4,5,4
homme,22,1.8,63,occasionnel,1,5,2
homme,25,1.71,62,occasionnel,2,2,2
homme,25,1.75,70,occasionnel,2,4,5
femme,21,1.69,84,occasionnel,2,4,4
femme,39,1.7,71,régulier,3,2,4
femme,52,1.7,65,occasionnel,1,4,3
femme,45,1.67,58,occasionnel,1,4,3
femme,35,1.61,56,régulier,3,4,4
femme,37,1.7,63,occasionnel,1,4,2
femme,31,1.72,78,occasionnel,1,3,5
femme,46,1.68,72,régulier,3,5,5
homme,35,1.92,81,régulier,5,1,5
homme,44,1.78,91,occasionnel,3,4,3
femme,41,1.62,72,occasionnel,1,5,2
homme,33,1.74,63,régulier,5,4,5
homme,46,1.92,84,régulier,4,4,5
homme,33,1.68,71,régulier,5,3,5
femme,44,1.76,78,occasionnel,0,3,4
homme,30,1.98,90,régulier,4,4,3
homme,18,1.82,90,régulier,3,2,6
homme,44,1.79,66,régulier,4,2,5
femme,38,1.6,63,occasionnel,1,3,2
femme,23,1.66,73,régulier,3,3,7
femme,22,1.69,61,aguerri,4,2,5
femme,23,1.61,52,occasionnel,1,3,5
femme,39,1.67,64,occasionnel,1,5,4
homme,21,1.62,65,régulier,3,4,7
femme,24,1.62,61,aguerri,4,2,6
homme,33,1.68,76,régulier,5,2,6
homme,38,1.78,80,régulier,6,2,3
homme,30,1.84,76,occasionnel,1,3,3
homme,44,1.74,56,occasionnel,3,4,2
homme,52,1.78,73,occasionnel,2,4,2
femme,35,1.56,45,occasionnel,1,5,2
homme,46,1.78,59,régulier,5,4,5
homme,43,1.78,85,régulier,5,2,3
femme,35,1.61,58,occasionnel,1,5,2
homme,21,1.78,90,occasionnel,1,4,3
femme,27,1.63,63,occasionnel,2,4,2
femme,25,1.67,65,régulier,3,6,5
homme,47,1.88,78,occasionnel,2,3,3
homme,54,1.82,77,régulier,4,4,6
femme,34,1.65,58,régulier,2,3,5
femme,27,1.64,70,régulier,4,6,6
femme,39,1.64,60,occasionnel,1,5,3
femme,19,1.65,59,aguerri,4,3,4
femme,49,1.72,68,occasionnel,2,4,3
femme,18,1.61,67,aguerri,4,3,6
homme,35,1.71,86,occasionnel,1,3,2
femme,31,1.74,74,occasionnel,1,3,3
homme,20,1.84,76,aguerri,6,2,6
femme,21,1.73,72,régulier,4,3,5
femme,52,1.67,67,régulier,3,2,3
homme,32,1.82,67,aguerri,8,3,4
homme,36,1.66,67,régulier,3,2,3
homme,45,1.87,98,occasionnel,0,2,2
homme,47,1.72,67,régulier,4,3,6
homme,24,1.78,79,régulier,3,4,4
femme,42,1.57,50,régulier,2,5,5
femme,33,1.69,82,occasionnel,2,3,3
homme,29,1.9,89,régulier,5,4,5
homme,54,1.91,95,occasionnel,3,4,3
homme,45,1.82,96,occasionnel,1,4,3
femme,34,1.68,68,aguerri,3,3,5
femme,31,1.69,75,aguerri,5,5,6
femme,29,1.64,71,régulier,3,2,3
homme,47,1.66,62,régulier,6,3,5
homme,18,1.76,71,aguerri,4,2,5
homme,31,1.69,77,aguerri,6,2,5
femme,43,1.62,55,occasionnel,1,6,3
femme,41,1.75,78,régulier,2,5,3
homme,24,1.87,83,occasionnel,2,4,3
homme,52,1.77,88,occasionnel,1,4,5
femme,54,1.72,79,occasionnel,1,6,4
femme,28,1.63,84,régulier,2,4,5
homme,25,1.77,75,aguerri,5,2,4
homme,44,1.8,85,aguerri,7,3,6
femme,18,1.74,76,occasionnel,2,4,1
homme,54,1.75,65,régulier,4,4,5
femme,25,1.55,56,régulier,5,4,5
femme,39,1.79,81,occasionnel,1,5,5
femme,31,1.61,63,occasionnel,0,6,3
homme,27,1.7,61,occasionnel,2,4,3
homme,40,1.71,66,régulier,4,1,5
femme,23,1.6,76,aguerri,3,1,7
femme,48,1.65,61,régulier,4,3,5
femme,38,1.6,54,aguerri,3,4,5
femme,46,1.51,51,régulier,3,2,4
homme,26,1.73,67,régulier,3,4,4
homme,27,1.88,71,occasionnel,1,4,4
femme,18,1.63,67,occasionnel,1,6,4
femme,22,1.7,81,aguerri,6,2,7
femme,40,1.57,59,régulier,3,4,4
femme,18,1.53,57,occasionnel,2,4,4
homme,24,1.77,61,régulier,3,3,7
femme,19,1.69,67,régulier,2,4,5
homme,18,1.86,78,aguerri,6,2,7
homme,38,1.65,53,occasionnel,1,5,3
homme,47,1.79,72,régulier,6,3,4
femme,39,1.7,75,occasionnel,1,4,2
homme,43,1.82,77,régulier,4,3,6
homme,40,1.74,80,régulier,4,4,7
femme,38,1.56,67,occasionnel,1,3,2
femme,47,1.73,70,aguerri,4,4,4
femme,31,1.6,61,aguerri,5,2,4
femme,50,1.72,67,occasionnel,1,5,3
homme,52,1.88,85,occasionnel,2,5,4
homme,38,1.79,86,aguerri,9,2,4
femme,49,1.66,69,occasionnel,1,4,3
homme,37,1.77,71,aguerri,6,2,5
homme,52,1.86,76,régulier,5,3,5
homme,33,1.84,81,régulier,4,2,4
femme,49,1.62,57,occasionnel,0,6,4
homme,42,1.71,62,occasionnel,1,4,2
femme,20,1.54,50,occasionnel,2,4,4
homme,43,1.78,70,occasionnel,2,3,3
homme,25,1.68,77,aguerri,5,1,5
femme,51,1.6,70,régulier,3,3,4
femme,26,1.58,51,régulier,4,5,3
homme,47,1.73,73,régulier,6,2,5
femme,38,1.66,59,occasionnel,1,4,3
homme,38,1.72,67,aguerri,7,2,5
homme,51,1.65,72,occasionnel,0,4,5
homme,32,1.7,62,occasionnel,1,4,2
femme,23,1.66,66,aguerri,4,3,6
homme,47,1.69,84,régulier,4,4,5
femme,25,1.69,59,occasionnel,2,5,2
homme,36,1.7,55,occasionnel,2,5,3
homme,43,1.85,87,régulier,5,2,4
homme,19,1.78,81,occasionnel,2,5,3
femme,45,1.63,79,occasionnel,1,8,3
homme,32,1.92,70,régulier,4,2,5
femme,27,1.62,65,occasionnel,1,5,2
femme,24,1.64,58,régulier,3,4,4
femme,29,1.61,65,occasionnel,1,3,2
femme,51,1.67,61,régulier,2,4,3
femme,32,1.58,65,occasionnel,1,6,4
femme,24,1.68,73,occasionnel,1,4,3
femme,44,1.66,53,régulier,3,3,5
femme,27,1.59,64,régulier,4,2,5
femme,36,1.6,64,occasionnel,2,3,5
femme,23,1.62,66,régulier,3,3,5
femme,26,1.59,70,occasionnel,1,5,4
homme,22,1.85,78,occasionnel,0,5,5
femme,20,1.73,78,régulier,2,5,6
femme,51,1.6,60,occasionnel,1,5,3
homme,38,1.78,81,occasionnel,2,3,3
femme,18,1.81,91,régulier,2,3,6
femme,22,1.54,54,occasionnel,0,5,3
femme,34,1.62,67,régulier,2,5,7
femme,27,1.69,64,régulier,3,5,3
homme,36,1.83,71,régulier,5,2,5
homme,27,1.75,66,occasionnel,2,4,4
femme,40,1.62,68,régulier,2,3,3
homme,31,1.78,73,régulier,4,2,6
femme,20,1.63,75,occasionnel,0,7,3
homme,40,1.87,72,occasionnel,1,5,2
homme,37,1.89,77,occasionnel,2,5,3
femme,47,1.66,57,occasionnel,1,4,3
femme,53,1.76,80,régulier,2,4,4
homme,42,1.86,99,régulier,6,3,6
homme,23,1.79,85,régulier,3,3,5
femme,42,1.68,65,occasionnel,1,5,4
homme,40,1.78,85,occasionnel,2,5,2
homme,18,1.89,79,occasionnel,2,6,4
homme,51,1.77,58,régulier,5,2,5
femme,27,1.56,55,régulier,3,2,4
femme,42,1.59,55,occasionnel,1,4,4
homme,26,1.77,64,régulier,4,3,4
homme,24,1.77,73,régulier,4,3,6
femme,33,1.61,72,aguerri,4,1,7
femme,50,1.76,58,occasionnel,2,6,3
homme,38,1.76,85,régulier,4,4,6
femme,37,1.7,59,régulier,2,4,3
homme,51,1.75,77,occasionnel,2,3,3
femme,21,1.6,53,régulier,3,4,4
femme,32,1.61,53,régulier,2,4,4
homme,26,1.64,74,régulier,4,3,5
femme,21,1.63,59,régulier,4,3,5
femme,35,1.65,66,aguerri,3,1,5
homme,44,1.77,69,occasionnel,3,4,3
homme,25,1.75,58,aguerri,8,2,4
homme,28,1.96,93,régulier,3,4,3
femme,23,1.66,74,régulier,2,5,5
femme,32,1.61,54,régulier,3,5,4
homme,52,1.82,86,régulier,3,3,6
homme,37,1.9,81,occasionnel,2,3,3
homme,26,1.7,75,occasionnel,1,3,3
femme,25,1.73,71,aguerri,5,2,4
homme,44,1.88,104,aguerri,6,1,7
femme,31,1.64,66,occasionnel,1,5,2
homme,33,1.75,63,occasionnel,3,3,4
femme,54,1.73,76,occasionnel,1,4,5
homme,39,1.67,70,régulier,3,2,5
femme,31,1.56,57,régulier,2,3,5
femme,42,1.65,66,aguerri,3,1,6
homme,40,1.7,71,occasionnel,2,5,3
femme,26,1.59,59,régulier,3,2,3
femme,29,1.59,67,régulier,4,4,5
homme,37,1.84,84,aguerri,6,1,7
homme,20,1.91,93,régulier,4,3,5
homme,54,1.69,81,régulier,3,3,5
femme,26,1.66,70,occasionnel,1,5,5
femme,30,1.66,66,occasionnel,1,4,2
femme,52,1.68,55,régulier,4,3,4
femme,50,1.76,71,occasionnel,2,3,3
femme,40,1.71,73,occasionnel,1,6,4
femme,40,1.74,76,occasionnel,1,5,4
femme,49,1.73,60,occasionnel,1,5,3
femme,42,1.65,71,régulier,4,3,6
femme,37,1.63,73,occasionnel,1,5,3
homme,38,1.9,88,aguerri,6,1,7
femme,31,1.62,63,régulier,2,5,4
femme,46,1.64,50,aguerri,4,3,5
homme,26,1.75,85,aguerri,6,2,5
femme,54,1.58,55,régulier,3,3,4
femme,48,1.57,76,régulier,2,3,5
femme,18,1.68,75,occasionnel,2,6,3
femme,27,1.71,54,régulier,3,3,5
homme,48,1.86,89,aguerri,9,2,5
homme,30,1.8,76,occasionnel,0,3,2
femme,51,1.54,57,occasionnel,2,5,2
femme,54,1.64,67,régulier,2,3,6
femme,27,1.67,59,occasionnel,2,6,3
femme,28,1.61,61,occasionnel,1,4,3
femme,44,1.59,66,régulier,3,4,5
femme,44,1.55,63,régulier,4,2,4
femme,49,1.62,52,régulier,3,4,5
homme,25,1.69,75,régulier,2,1,3
femme,36,1.61,59,aguerri,4,4,6
homme,54,1.8,88,aguerri,6,3,7
homme,50,1.77,61,aguerri,5,2,4
femme,46,1.62,58,régulier,3,4,4
femme,40,1.63,66,occasionnel,1,4,4
femme,47,1.73,76,occasionnel,0,4,2
femme,37,1.64,69,occasionnel,1,6,5
femme,42,1.65,64,aguerri,4,5,5
homme,50,1.85,86,régulier,4,2,3
homme,37,1.64,74,occasionnel,2,3,2
homme,21,1.73,75,aguerri,4,4,7
femme,39,1.64,57,occasionnel,1,5,4
homme,29,1.84,93,occasionnel,1,3,2
homme,25,1.9,88,régulier,5,4,4
homme,48,1.76,78,aguerri,6,1,6
femme,39,1.7,74,aguerri,5,3,8
homme,50,1.64,81,occasionnel,3,3,3
homme,42,1.79,76,régulier,4,4,4
femme,44,1.74,57,occasionnel,1,3,4
homme,24,1.75,80,occasionnel,2,3,4
homme,51,1.76,76,régulier,6,4,3
homme,19,1.88,65,occasionnel,2,6,3
homme,39,1.63,64,occasionnel,2,4,4
femme,40,1.56,68,occasionnel,1,6,4
homme,35,1.8,83,régulier,4,2,4
femme,22,1.64,62,occasionnel,0,6,3
femme,26,1.64,67,régulier,3,1,5
femme,52,1.71,88,occasionnel,1,6,3
homme,22,1.81,84,occasionnel,2,4,3
femme,51,1.61,49,régulier,2,3,4
femme,25,1.69,75,aguerri,5,2,6
homme,36,1.94,82,régulier,4,2,3
femme,18,1.66,59,régulier,2,5,4
homme,49,1.83,79,régulier,3,4,4
femme,27,1.7,88,occasionnel,1,4,4
femme,43,1.54,48,occasionnel,1,5,3
homme,36,1.86,88,aguerri,5,3,5
femme,25,1.62,57,aguerri,5,2,6
homme,26,1.69,63,régulier,5,3,7
femme,43,1.62,61,occasionnel,0,3,3
homme,42,1.8,78,occasionnel,1,4,3
homme,19,1.86,90,aguerri,7,2,8
homme,42,1.88,80,aguerri,5,3,5
femme,39,1.59,70,aguerri,4,3,7
femme,45,1.7,76,occasionnel,1,4,1
homme,43,1.6,60,régulier,6,2,4
femme,51,1.6,48,aguerri,5,1,6
homme,20,1.84,80,occasionnel,2,6,4
femme,47,1.71,82,régulier,1,3,4
femme,51,1.68,60,régulier,3,3,5
homme,29,1.84,85,occasionnel,1,4,4
homme,25,1.67,63,régulier,3,2,4
homme,44,1.66,55,occasionnel,1,5,3
femme,51,1.5,56,régulier,3,3,5
homme,42,1.76,66,régulier,5,4,2
homme,18,1.68,69,occasionnel,1,4,4
femme,53,1.58,57,occasionnel,0,6,4
femme,46,1.55,72,occasionnel,1,4,4
homme,53,1.63,62,aguerri,6,2,6
femme,43,1.58,46,régulier,3,3,4
femme,20,1.72,76,aguerri,4,3,6
homme,46,1.82,99,aguerri,7,2,4
femme,33,1.62,63,occasionnel,1,5,4
femme,37,1.68,85,aguerri,3,4,7
homme,47,1.75,81,régulier,7,2,5
femme,38,1.62,64,régulier,3,4,4
homme,47,1.82,69,occasionnel,1,4,2
homme,37,1.77,68,occasionnel,3,3,3
femme,48,1.58,60,aguerri,4,3,6
femme,36,1.7,60,régulier,3,3,5
homme,25,1.8,68,occasionnel,1,2,3
homme,45,1.88,96,aguerri,7,2,5
femme,35,1.62,77,occasionnel,1,5,3
femme,34,1.63,61,régulier,2,4,5
femme,26,1.7,86,régulier,3,4,3
homme,25,1.66,70,occasionnel,1,3,3
homme,19,1.83,69,occasionnel,1,3,4
homme,50,1.79,79,aguerri,8,2,5
homme,49,1.77,76,régulier,4,2,5
femme,29,1.62,58,régulier,2,4,6
homme,32,1.89,92,régulier,4,3,6
femme,45,1.55,57,occasionnel,1,5,2
femme,23,1.6,77,occasionnel,0,6,5
homme,22,1.8,83,aguerri,7,3,7
homme,40,1.74,66,régulier,5,3,5
femme,50,1.63,67,occasionnel,0,5,2
homme,22,1.75,83,régulier,4,2,5
homme,49,1.93,98,régulier,6,3,4
femme,46,1.64,77,régulier,3,6,3
femme,36,1.68,68,régulier,2,4,4
femme,20,1.59,47,occasionnel,2,5,2
homme,40,1.79,75,occasionnel,3,4,3
femme,32,1.6,59,occasionnel,1,4,3
femme,44,1.69,65,occasionnel,1,5,2
femme,29,1.62,52,régulier,4,4,3
homme,35,1.78,82,occasionnel,2,4,4
homme,44,1.76,83,régulier,3,5,5
femme,33,1.66,77,régulier,2,3,3
homme,27,1.77,92,régulier,4,3,6
homme,40,1.82,77,aguerri,8,2,6
femme,27,1.69,64,régulier,3,4,7
femme,40,1.64,64,régulier,2,3,4
femme,39,1.61,64,occasionnel,1,5,3
homme,51,1.86,81,occasionnel,2,4,3
femme,32,1.62,51,occasionnel,1,6,2
homme,49,1.82,72,régulier,4,3,3
femme,19,1.62,63,occasionnel,1,6,2
femme,53,1.67,56,occasionnel,1,5,2
homme,37,1.85,85,aguerri,8,2,5
femme,40,1.59,50,occasionnel,1,3,1
homme,21,1.81,80,régulier,4,3,6
femme,43,1.54,62,aguerri,3,2,6
femme,30,1.65,67,occasionnel,1,4,3
femme,53,1.59,67,occasionnel,1,4,4
femme,46,1.56,63,régulier,2,6,6
femme,41,1.59,47,occasionnel,2,5,3
homme,30,1.77,72,occasionnel,1,4,4
homme,52,1.81,71,aguerri,8,2,5
femme,40,1.72,55,aguerri,3,2,5
femme,30,1.6,60,occasionnel,0,6,4
femme,54,1.78,59,régulier,2,4,4
femme,43,1.66,61,aguerri,5,3,6
homme,36,1.84,63,régulier,5,4,3
femme,31,1.61,61,aguerri,5,2,6
homme,18,1.8,63,régulier,3,3,6
femme,29,1.56,58,occasionnel,1,5,4
homme,45,1.82,63,occasionnel,1,3,4
homme,51,1.83,70,aguerri,8,3,5
femme,22,1.59,57,régulier,3,3,5
femme,32,1.63,63,occasionnel,1,5,3
homme,46,1.78,79,régulier,5,5,3
femme,53,1.57,48,occasionnel,1,6,4
femme,20,1.6,71,régulier,2,4,4
femme,47,1.65,72,aguerri,4,2,5
homme,35,1.7,80,régulier,4,3,5
femme,39,1.72,83,régulier,2,3,6
femme,28,1.54,60,occasionnel,1,5,3
homme,37,1.81,92,occasionnel,1,3,3
femme,46,1.67,79,régulier,3,3,6
femme,35,1.65,59,régulier,3,5,5
homme,50,1.81,96,aguerri,8,2,7
femme,18,1.73,60,occasionnel,1,4,4
femme,54,1.67,71,régulier,4,3,6
femme,43,1.61,60,occasionnel,2,4,3
femme,26,1.6,67,occasionnel,1,3,4
femme,49,1.65,52,occasionnel,1,3,3
homme,22,1.72,81,occasionnel,1,3,4
homme,30,1.67,54,aguerri,6,1,6
homme,36,1.79,75,régulier,6,3,5
homme,24,1.83,78,régulier,2,3,5
femme,49,1.66,72,occasionnel,1,5,4
femme,42,1.7,69,régulier,2,3,4
femme,53,1.6,62,occasionnel,1,4,3
homme,38,1.76,57,aguerri,8,1,6
homme,18,1.76,67,aguerri,6,3,5
homme,36,1.73,72,occasionnel,1,4,3
femme,37,1.74,66,aguerri,5,2,6
femme,41,1.74,69,aguerri,5,2,5
homme,29,1.77,85,aguerri,5,2,5
femme,25,1.63,64,régulier,2,4,5
homme,38,1.87,85,aguerri,9,2,5
femme,39,1.69,78,aguerri,4,1,8
homme,41,1.9,94,régulier,4,2,5
femme,51,1.57,50,occasionnel,1,5,5
femme,53,1.6,73,régulier,2,5,4
femme,51,1.66,64,occasionnel,2,7,4
femme,31,1.67,66,régulier,3,4,5
homme,25,1.74,73,régulier,4,2,4
homme,54,1.79,79,occasionnel,2,4,3
homme,47,1.81,74,régulier,3,2,3
femme,49,1.6,67,régulier,3,4,6
femme,42,1.6,66,occasionnel,2,5,2
homme,24,1.86,92,occasionnel,1,3,3
homme,18,1.87,84,occasionnel,2,5,2
femme,47,1.67,56,régulier,4,4,5
homme,34,1.69,61,régulier,3,3,5
femme,48,1.73,78,occasionnel,2,6,5
homme,32,1.84,79,régulier,3,3,4
homme,47,1.85,76,aguerri,6,1,7
femme,45,1.65,60,occasionnel,0,4,4
femme,18,1.75,71,régulier,2,3,4
homme,24,1.75,61,régulier,4,2,3
homme,22,1.83,77,occasionnel,2,5,4
femme,32,1.67,85,régulier,2,3,6
femme,45,1.69,77,régulier,2,4,3
homme,33,1.68,61,aguerri,6,1,4
femme,20,1.68,64,aguerri,4,3,8
homme,48,1.79,66,occasionnel,1,3,1
femme,42,1.65,67,occasionnel,1,5,3
homme,18,1.79,76,occasionnel,1,4,4
femme,50,1.64,59,régulier,3,3,4
homme,27,1.68,69,aguerri,7,2,7
homme,31,1.72,62,occasionnel,2,3,1
homme,45,1.76,73,occasionnel,1,2,3
femme,20,1.74,72,régulier,4,4,5
homme,26,1.82,80,régulier,4,4,5
femme,40,1.79,69,occasionnel,1,5,2
homme,51,1.73,74,occasionnel,1,4,2
femme,54,1.57,61,occasionnel,0,5,3
femme,36,1.68,71,régulier,3,3,6
homme,41,1.87,102,occasionnel,1,4,4
femme,43,1.75,71,occasionnel,1,2,3
femme,28,1.67,72,régulier,4,3,4
homme,36,1.81,90,occasionnel,1,4,3
homme,19,1.77,65,occasionnel,1,3,5
homme,21,1.65,67,régulier,3,3,3
femme,53,1.68,82,aguerri,3,3,6
femme,48,1.62,61,occasionnel,1,4,4
femme,38,1.65,59,régulier,2,4,5
homme,26,1.75,81,aguerri,6,1,5
femme,27,1.56,45,régulier,4,3,4
homme,52,1.69,74,régulier,5,3,3
femme,29,1.61,50,occasionnel,1,4,4
femme,20,1.65,52,occasionnel,1,7,3
femme,39,1.67,62,occasionnel,1,5,4
homme,24,1.76,72,occasionnel,1,4,3
femme,42,1.65,66,régulier,2,4,4
femme,53,1.61,58,régulier,2,4,4
homme,50,2.0,102,régulier,6,2,4
femme,51,1.52,59,régulier,3,4,6
femme,27,1.71,77,régulier,2,3,4
homme,25,1.8,85,régulier,5,3,5
homme,53,1.77,71,régulier,6,5,4
homme,41,1.72,62,occasionnel,3,4,5
femme,36,1.7,84,régulier,3,4,6
homme,18,1.68,85,occasionnel,0,3,5
homme,49,1.75,86,régulier,5,5,3
homme,19,1.74,56,régulier,3,3,4
homme,28,1.85,73,aguerri,6,3,5
femme,41,1.57,67,régulier,3,4,3
femme,33,1.62,66,régulier,2,4,3
homme,26,1.78,59,occasionnel,2,3,1
femme,19,1.64,70,aguerri,5,2,6
femme,54,1.64,63,aguerri,5,2,4
femme,35,1.69,66,régulier,3,3,6
femme,19,1.6,56,aguerri,3,3,3
homme,42,1.84,77,occasionnel,2,3,2
femme,53,1.75,71,occasionnel,1,4,3
homme,34,1.76,71,régulier,4,2,4
femme,54,1.62,49,occasionnel,1,5,3
homme,31,1.74,77,régulier,4,2,6
femme,23,1.77,78,occasionnel,2,4,4
femme,40,1.65,59,régulier,4,3,3
femme,33,1.72,72,aguerri,3,2,8
femme,31,1.73,68,régulier,2,6,4
femme,45,1.58,65,régulier,2,4,3
homme,48,1.82,92,aguerri,8,3,6
femme,44,1.7,55,aguerri,4,1,4
homme,49,1.84,100,occasionnel,1,4,3
homme,41,1.73,59,occasionnel,3,6,3
homme,49,1.76,67,aguerri,7,3,4
femme,43,1.5,52,occasionnel,1,4,4
homme,18,1.88,88,occasionnel,1,4,2
femme,24,1.66,63,occasionnel,2,7,2
femme,53,1.68,58,occasionnel,2,3,3
homme,28,1.77,69,occasionnel,0,4,3
femme,28,1.72,57,occasionnel,1,4,2
femme,20,1.68,60,aguerri,6,1,4
homme,33,1.71,69,aguerri,5,2,5
femme,34,1.6,58,aguerri,3,4,6
homme,39,1.74,56,aguerri,11,1,3
homme,45,1.72,79,aguerri,5,2,8
femme,25,1.69,76,régulier,3,2,7
homme,21,1.77,78,occasionnel,2,4,2
femme,30,1.59,63,occasionnel,1,7,2
femme,45,1.6,67,occasionnel,1,5,4
femme,43,1.67,65,aguerri,4,3,5
homme,19,1.74,61,occasionnel,1,4,5
homme,38,1.86,82,occasionnel,2,4,3
femme,46,1.6,70,occasionnel,1,3,3
homme,37,1.66,75,régulier,4,2,7
femme,52,1.68,53,occasionnel,0,5,4
femme,29,1.69,61,occasionnel,1,5,3
homme,46,1.73,79,occasionnel,2,4,3
homme,25,1.76,75,occasionnel,1,3,3
femme,19,1.69,71,aguerri,5,3,6
femme,37,1.65,60,aguerri,4,2,6
femme,48,1.56,69,aguerri,3,4,7
homme,50,1.68,67,régulier,4,1,5
homme,40,1.85,114,régulier,5,4,4
homme,18,1.68,70,régulier,3,5,5
homme,45,1.89,82,aguerri,8,2,6
femme,23,1.76,75,régulier,2,4,4
femme,18,1.64,82,occasionnel,1,6,6
femme,41,1.71,61,occasionnel,0,4,4
femme,53,1.75,72,régulier,2,4,3
homme,45,1.71,73,occasionnel,3,5,3
femme,53,1.66,74,occasionnel,1,4,5
homme,35,1.73,91,occasionnel,2,4,4
femme,39,1.71,72,régulier,3,2,4
homme,51,1.82,89,occasionnel,3,2,4
femme,48,1.62,80,occasionnel,2,3,3
homme,38,1.81,77,régulier,6,2,3
homme,22,1.77,70,occasionnel,1,5,4
femme,18,1.68,67,régulier,3,3,6
homme,21,1.67,57,aguerri,9,2,6
homme,22,1.82,73,régulier,4,1,5
homme,20,1.77,72,aguerri,5,2,5
femme,25,1.5,60,régulier,3,3,4
homme,28,1.96,112,régulier,5,2,4
homme,26,1.75,65,aguerri,8,3,4
femme,25,1.72,55,régulier,3,2,6
homme,22,1.84,75,aguerri,5,1,6
femme,51,1.68,63,régulier,3,4,5
femme,31,1.64,64,régulier,1,4,4
homme,53,1.9,67,occasionnel,2,5,4
femme,21,1.62,68,aguerri,5,1,9
homme,18,1.79,65,aguerri,5,2,5
femme,34,1.57,46,occasionnel,1,6,2
femme,29,1.61,62,aguerri,7,2,6
homme,46,1.72,85,occasionnel,1,2,4
homme,36,1.78,73,régulier,6,4,4
femme,32,1.64,64,aguerri,4,1,6
femme,36,1.62,67,régulier,4,3,2
femme,39,1.62,70,régulier,3,5,5
homme,20,1.75,77,occasionnel,2,3,4
homme,24,1.76,81,régulier,4,4,4
femme,36,1.6,61,régulier,3,2,3
femme,40,1.63,72,occasionnel,1,5,5
femme,37,1.65,64,aguerri,5,4,3
homme,23,1.73,67,aguerri,5,3,7
homme,30,1.8,86,régulier,5,4,3
femme,51,1.58,48,aguerri,4,2,3
homme,26,1.84,82,occasionnel,2,5,3
homme,48,1.7,86,occasionnel,3,4,2
femme,35,1.74,75,occasionnel,1,4,3
femme,42,1.68,75,aguerri,3,4,8
femme,24,1.68,65,régulier,3,4,4
femme,40,1.72,83,régulier,2,2,5
homme,29,1.85,73,régulier,5,2,4
femme,27,1.6,58,régulier,3,4,5
femme,36,1.69,75,régulier,3,3,4
femme,53,1.65,64,occasionnel,1,5,4
femme,44,1.66,65,occasionnel,1,6,3
homme,38,1.84,100,régulier,7,5,5
homme,45,1.82,88,aguerri,8,2,6
femme,21,1.63,63,régulier,3,2,6
femme,42,1.63,61,aguerri,3,2,6
femme,46,1.54,56,occasionnel,1,4,3
homme,26,1.74,81,occasionnel,2,4,3
femme,23,1.63,60,régulier,3,2,5
femme,35,1.65,85,régulier,2,3,5
homme,39,1.72,72,régulier,5,2,5
femme,37,1.61,74,occasionnel,0,5,2
homme,53,1.79,59,régulier,4,2,4
femme,47,1.63,80,aguerri,3,3,5
homme,25,1.69,76,occasionnel,1,2,2
femme,23,1.73,86,occasionnel,1,5,4
homme,20,1.76,75,aguerri,7,1,7
femme,26,1.58,50,occasionnel,2,5,3
homme,19,1.65,65,aguerri,5,2,6
homme,39,1.89,94,occasionnel,2,4,4
femme,42,1.67,78,aguerri,3,2,5
femme,18,1.69,71,occasionnel,1,4,3
femme,41,1.8,91,occasionnel,1,4,3
homme,47,1.67,72,régulier,5,2,6
femme,23,1.68,86,occasionnel,1,6,3
homme,18,1.73,78,occasionnel,2,3,4
femme,54,1.62,76,régulier,2,4,4
femme,49,1.57,64,occasionnel,1,8,3
femme,40,1.68,73,régulier,3,6,4
femme,52,1.63,63,occasionnel,1,6,1
homme,51,1.66,62,aguerri,7,1,5
femme,30,1.58,51,régulier,2,4,5
homme,19,1.84,69,régulier,3,3,5
femme,43,1.76,75,aguerri,4,3,7
homme,30,1.71,64,régulier,4,3,5
femme,49,1.71,72,régulier,3,6,6
homme,19,1.74,82,occasionnel,2,4,4
homme,34,1.76,66,régulier,4,1,4
femme,22,1.71,68,occasionnel,1,5,5
homme,21,1.88,70,aguerri,8,1,5
femme,35,1.68,73,régulier,2,6,4
femme,19,1.64,63,occasionnel,1,6,4
homme,38,1.67,70,occasionnel,1,6,4
homme,35,1.83,65,aguerri,9,2,6
femme,20,1.63,65,aguerri,4,1,6
femme,53,1.66,62,régulier,3,3,4
homme,48,1.79,59,occasionnel,2,5,3
homme,41,1.71,69,aguerri,8,2,4
homme,49,1.79,65,régulier,7,2,3
homme,22,1.73,66,occasionnel,1,4,4
femme,44,1.66,78,régulier,3,3,4
femme,34,1.55,55,occasionnel,1,5,3
homme,31,1.91,91,aguerri,5,2,6
femme,43,1.6,56,régulier,3,4,4
homme,21,1.82,80,occasionnel,1,4,3
femme,51,1.69,68,occasionnel,1,6,3
femme,43,1.72,77,régulier,4,3,4
homme,34,1.75,76,occasionnel,0,5,3
homme,39,1.73,73,occasionnel,3,5,3
femme,19,1.71,71,occasionnel,1,5,5
femme,51,1.61,65,régulier,3,4,5
femme,26,1.76,63,régulier,3,3,5
homme,40,1.75,81,aguerri,6,2,5
femme,53,1.61,55,régulier,4,4,5
homme,43,1.79,83,régulier,7,3,4
homme,32,1.73,83,régulier,4,2,2
femme,49,1.65,70,occasionnel,2,3,3
femme,48,1.64,69,régulier,2,4,4
homme,43,1.77,77,occasionnel,1,3,3
femme,29,1.73,59,occasionnel,1,3,4
femme,38,1.54,47,aguerri,5,1,4
femme,34,1.72,59,aguerri,5,3,5
homme,32,1.72,64,régulier,4,3,5
femme,26,1.64,75,régulier,4,3,6
homme,37,1.75,81,régulier,3,2,5
homme,19,1.91,88,régulier,3,4,5
homme,20,1.67,58,régulier,4,4,5
homme,24,1.86,78,occasionnel,1,3,3
homme,28,1.73,76,occasionnel,2,4,2
homme,34,1.87,96,aguerri,5,2,5
homme,21,1.66,75,occasionnel,1,3,5
homme,32,1.79,81,régulier,3,2,6
homme,33,1.83,94,régulier,4,2,4
homme,32,1.78,72,aguerri,7,2,5
homme,47,1.71,67,occasionnel,3,5,3
femme,51,1.7,77,occasionnel,1,7,4
femme,50,1.62,65,aguerri,4,4,7
femme,38,1.71,67,aguerri,3,2,4
homme,45,1.88,99,régulier,5,3,5
homme,42,1.63,66,régulier,5,2,3
homme,49,1.79,83,occasionnel,2,4,5
homme,53,1.67,65,occasionnel,1,3,4
femme,44,1.7,65,régulier,3,3,6
homme,48,1.95,92,régulier,5,2,4
homme,35,1.69,74,aguerri,7,2,8
homme,35,1.83,95,aguerri,6,2,6
homme,24,1.72,64,aguerri,5,2,6
femme,45,1.69,78,occasionnel,1,5,3
homme,18,1.79,80,régulier,4,4,5
femme,36,1.6,54,occasionnel,1,5,3
femme,42,1.51,55,régulier,3,4,4
femme,32,1.61,68,régulier,2,5,4
homme,49,1.73,89,régulier,4,4,4
homme,51,1.74,75,occasionnel,3,5,2
homme,20,1.78,68,régulier,4,4,5
homme,53,1.72,67,occasionnel,1,3,2
homme,53,1.82,79,régulier,5,2,5
homme,36,1.78,69,occasionnel,2,3,3
homme,25,1.76,79,occasionnel,2,5,4
homme,26,1.82,87,aguerri,7,2,7
homme,18,1.79,78,occasionnel,1,6,4
homme,42,1.75,58,occasionnel,1,4,4
homme,32,1.94,95,aguerri,5,2,5
femme,46,1.51,63,régulier,3,4,4
femme,34,1.62,65,régulier,2,5,5
homme,39,1.8,90,régulier,3,4,3
femme,22,1.68,76,aguerri,4,3,7
femme,41,1.56,66,régulier,2,2,4
homme,54,1.77,72,régulier,5,3,3
homme,24,1.79,94,aguerri,5,3,6
femme,32,1.71,75,régulier,3,3,4
femme,19,1.68,59,aguerri,5,3,5
homme,33,1.82,76,occasionnel,3,2,3
femme,33,1.73,81,régulier,2,5,6
homme,27,1.79,80,occasionnel,2,4,4
femme,21,1.63,71,régulier,3,5,4
homme,22,1.87,86,occasionnel,1,4,4
femme,28,1.57,70,aguerri,4,3,5
femme,25,1.6,62,occasionnel,1,7,4
femme,27,1.75,94,aguerri,6,3,8
homme,46,1.76,65,occasionnel,2,5,3
femme,37,1.61,68,régulier,3,5,3
homme,26,1.76,74,occasionnel,2,4,3
homme,37,1.82,87,régulier,5,3,6
homme,43,1.72,65,régulier,5,2,5
homme,28,1.82,86,régulier,4,4,4
homme,38,1.9,100,régulier,5,3,5
femme,36,1.61,71,régulier,3,4,5
femme,47,1.65,66,aguerri,5,3,4
homme,30,1.88,95,aguerri,6,2,4
femme,52,1.61,56,occasionnel,1,5,2
femme,23,1.64,67,occasionnel,1,4,4
femme,18,1.67,59,régulier,2,5,4
femme,34,1.63,66,occasionnel,1,3,5
homme,34,1.83,92,régulier,4,2,6
homme,47,1.72,79,régulier,4,3,6
femme,19,1.61,57,régulier,3,3,5
homme,20,1.65,70,occasionnel,1,4,5
femme,44,1.63,76,occasionnel,0,4,3
femme,47,1.57,64,occasionnel,1,4,3
homme,30,1.81,74,régulier,2,3,5
femme,18,1.8,77,régulier,3,3,4
femme,23,1.52,54,régulier,3,2,4
homme,18,1.89,96,occasionnel,1,4,4
femme,27,1.7,80,régulier,2,3,5
femme,27,1.58,65,occasionnel,1,5,1
femme,39,1.62,58,occasionnel,0,5,2
homme,36,1.75,74,occasionnel,2,3,3
femme,29,1.7,76,régulier,3,3,5
femme,52,1.51,60,occasionnel,1,6,5
homme,31,1.75,75,occasionnel,2,5,2
femme,25,1.77,74,régulier,4,4,4
homme,50,1.78,74,occasionnel,2,4,3
femme,27,1.68,56,occasionnel,0,5,3
homme,27,1.78,86,occasionnel,1,3,3
homme,18,1.63,64,aguerri,9,1,5
femme,33,1.72,67,occasionnel,1,5,3
homme,24,1.84,107,régulier,4,2,4
femme,47,1.57,46,régulier,2,2,4
femme,27,1.65,66,occasionnel,2,4,3
homme,32,1.89,87,occasionnel,2,6,3
homme,44,1.72,69,régulier,4,3,6
femme,37,1.71,89,régulier,2,4,6
homme,41,1.72,73,aguerri,6,2,4
femme,52,1.68,74,aguerri,6,4,4
femme,30,1.72,74,régulier,2,3,6
homme,35,1.84,72,régulier,5,4,5
homme,27,1.7,53,régulier,4,5,3
homme,23,1.93,84,régulier,4,3,6
homme,40,1.72,70,occasionnel,1,4,2
homme,51,1.74,81,occasionnel,2,4,2
femme,35,1.63,66,occasionnel,1,6,4
homme,48,1.76,83,régulier,5,5,4
homme,22,1.79,79,occasionnel,1,3,2
femme,37,1.62,79,régulier,2,4,4
homme,38,1.82,84,aguerri,7,1,5
femme,19,1.59,56,aguerri,4,3,8
homme,50,1.93,86,occasionnel,1,4,3
femme,47,1.63,63,aguerri,6,2,4
femme,24,1.72,63,occasionnel,1,3,2
femme,36,1.64,67,régulier,2,4,4
homme,54,1.79,69,régulier,4,1,4
femme,50,1.65,73,occasionnel,1,6,4
femme,44,1.6,56,aguerri,5,2,5
femme,41,1.55,51,aguerri,3,2,6
femme,35,1.62,67,occasionnel,2,7,3
femme,49,1.67,55,régulier,2,3,4
femme,25,1.74,85,occasionnel,2,6,2
femme,31,1.72,55,régulier,3,2,3
homme,38,1.74,72,régulier,7,4,3
homme,37,1.66,61,régulier,5,3,5
femme,28,1.61,72,régulier,3,5,5
femme,27,1.74,80,régulier,4,3,4
homme,39,1.83,82,occasionnel,1,3,3
femme,32,1.77,82,aguerri,3,4,5
femme,43,1.72,78,régulier,3,4,3
homme,40,1.67,63,régulier,5,3,3
homme,19,1.6,55,occasionnel,0,3,4
homme,34,1.68,69,régulier,4,2,4
homme,42,1.76,72,régulier,3,3,3
homme,27,1.81,80,régulier,3,2,4
homme,40,1.77,78,occasionnel,1,4,3
femme,47,1.71,71,aguerri,4,1,5
homme,45,1.82,84,régulier,5,3,5
femme,21,1.57,61,régulier,5,2,7
femme,37,1.67,64,aguerri,6,3,4
femme,22,1.6,66,occasionnel,2,5,5
homme,51,1.62,61,occasionnel,1,4,5
homme,30,1.86,79,occasionnel,3,5,3
homme,53,1.88,69,occasionnel,1,4,2
homme,35,1.74,83,régulier,6,4,3
homme,40,1.9,84,occasionnel,2,4,3
femme,47,1.57,51,aguerri,5,2,4
homme,47,1.77,84,régulier,4,2,4
femme,39,1.72,83,régulier,3,5,4
femme,39,1.68,72,régulier,3,2,6
homme,33,1.8,65,régulier,3,2,5
homme,46,1.83,92,régulier,5,4,5
homme,46,1.81,96,régulier,4,3,4
homme,48,1.71,83,régulier,4,4,6
homme,45,1.81,66,occasionnel,2,3,2
homme,51,1.66,76,occasionnel,0,3,3
homme,47,1.74,80,régulier,5,4,5
homme,50,1.77,63,régulier,4,3,3
homme,23,1.83,91,régulier,3,2,5
homme,23,1.86,82,occasionnel,2,2,5
homme,41,1.81,88,régulier,3,5,3
homme,44,1.91,77,aguerri,7,2,6
homme,25,1.74,85,régulier,5,3,4
homme,46,1.84,65,occasionnel,1,3,3
femme,34,1.62,53,occasionnel,1,5,3
femme,42,1.61,77,régulier,2,2,5
homme,30,1.78,96,régulier,5,3,3
femme,24,1.7,81,régulier,4,3,8
femme,20,1.73,66,régulier,3,2,5
femme,45,1.6,53,occasionnel,1,4,3
femme,37,1.59,50,régulier,2,5,4
homme,47,1.75,68,occasionnel,2,4,4
homme,46,1.8,73,régulier,4,4,3
femme,46,1.62,69,régulier,3,3,5
homme,38,1.87,89,aguerri,9,1,8
femme,45,1.67,66,aguerri,4,1,7
femme,28,1.73,78,régulier,3,5,4
homme,38,1.73,68,régulier,4,3,6
femme,22,1.67,60,aguerri,5,3,6
homme,30,1.88,85,occasionnel,2,5,3
homme,47,1.75,57,occasionnel,3,3,4
femme,32,1.64,53,occasionnel,1,5,3
femme,47,1.76,78,occasionnel,1,6,4
femme,20,1.69,66,occasionnel,1,5,5
femme,37,1.67,71,occasionnel,1,5,3
femme,45,1.63,79,régulier,2,3,4
femme,36,1.65,60,occasionnel,2,4,3
femme,52,1.62,56,occasionnel,1,5,3
homme,29,1.84,93,régulier,4,2,5
femme,19,1.59,76,régulier,2,7,7
homme,32,1.7,60,régulier,5,4,4
femme,35,1.55,57,aguerri,4,1,6
homme,38,1.81,85,régulier,6,4,4
homme,18,1.86,82,régulier,3,3,7
homme,18,1.73,74,régulier,2,2,5
femme,52,1.5,63,régulier,2,5,4
femme,45,1.64,61,régulier,3,5,7
femme,54,1.67,82,occasionnel,0,4,5
homme,19,1.78,62,occasionnel,2,5,3
homme,33,1.77,89,régulier,4,4,6
femme,22,1.59,60,régulier,2,6,5
homme,39,1.7,62,régulier,6,2,5
femme,54,1.64,75,aguerri,4,1,6
femme,44,1.77,62,occasionnel,1,6,4
femme,29,1.73,72,aguerri,6,2,4
homme,19,1.84,83,régulier,4,3,5
femme,18,1.71,69,occasionnel,2,5,4
homme,20,1.87,71,régulier,3,3,3
femme,40,1.7,72,régulier,4,3,6
homme,21,1.74,77,occasionnel,2,4,3
femme,41,1.63,64,régulier,2,4,4
homme,52,1.87,97,régulier,3,3,7
femme,22,1.63,49,régulier,3,4,3
homme,36,1.78,84,régulier,3,3,6
femme,18,1.73,81,aguerri,5,2,7
homme,26,1.73,60,occasionnel,2,4,2
femme,33,1.69,62,régulier,3,4,3
femme,45,1.68,58,aguerri,4,1,5
femme,37,1.61,62,occasionnel,2,4,4
homme,31,1.68,92,occasionnel,2,3,4
femme,35,1.52,58,occasionnel,1,5,3
homme,25,1.78,85,occasionnel,2,3,3
femme,19,1.66,65,occasionnel,1,6,4
femme,21,1.59,59,occasionnel,1,6,3
femme,38,1.7,70,occasionnel,1,5,3
femme,46,1.65,54,occasionnel,1,4,2
homme,46,1.78,83,aguerri,8,3,4
homme,32,1.74,72,aguerri,5,1,4
femme,25,1.5,46,occasionnel,1,7,2
femme,31,1.66,72,aguerri,3,4,6
femme,33,1.7,59,régulier,3,2,5
homme,39,1.76,74,occasionnel,3,4,3
femme,35,1.65,79,régulier,2,2,6
homme,18,1.73,55,occasionnel,1,5,4
femme,44,1.61,51,régulier,2,6,4
homme,32,1.89,94,régulier,4,4,4
homme,32,1.8,71,occasionnel,1,4,2
femme,36,1.69,77,régulier,2,4,5
homme,34,1.82,85,aguerri,7,1,6
homme,39,1.71,67,régulier,7,3,5
femme,45,1.69,68,régulier,2,4,5
femme,33,1.62,62,régulier,2,4,6
femme,48,1.69,72,régulier,4,2,7
femme,36,1.64,65,occasionnel,1,6,3
femme,47,1.58,59,occasionnel,1,6,2
homme,41,1.86,90,occasionnel,2,6,2
homme,48,1.77,70,régulier,4,5,5
femme,32,1.61,68,aguerri,6,2,5
homme,27,1.72,85,occasionnel,1,4,4
homme,31,1.9,82,occasionnel,2,5,3
femme,49,1.64,68,régulier,1,3,6
femme,26,1.7,71,aguerri,6,4,6
homme,25,1.74,78,aguerri,7,1,5
femme,30,1.6,67,occasionnel,1,6,5
homme,21,1.81,77,occasionnel,0,5,3
femme,25,1.67,79,régulier,2,5,5
femme,34,1.66,68,régulier,2,4,7
homme,24,1.69,75,occasionnel,1,4,3
femme,49,1.84,72,occasionnel,1,4,3
femme,52,1.63,59,aguerri,3,2,7
femme,25,1.61,56,occasionnel,1,6,3
homme,20,1.67,70,occasionnel,0,2,3
homme,49,1.82,76,aguerri,6,2,5
femme,48,1.63,71,occasionnel,0,6,5
femme,25,1.62,71,occasionnel,1,4,4
femme,29,1.66,67,occasionnel,2,6,3
femme,39,1.69,71,aguerri,5,2,5
homme,44,1.74,62,régulier,6,2,4
homme,27,1.72,72,aguerri,6,4,5
femme,28,1.69,68,régulier,3,4,3
femme,22,1.61,59,régulier,3,4,7
femme,37,1.6,55,régulier,1,2,6
femme,48,1.66,73,aguerri,4,3,5
homme,54,1.71,76,régulier,3,3,6
homme,21,1.74,74,régulier,3,1,4
femme,22,1.69,74,régulier,2,3,7
femme,48,1.51,46,régulier,3,3,4
femme,22,1.72,55,aguerri,6,2,6
femme,24,1.57,54,régulier,2,4,5
femme,23,1.65,65,régulier,4,4,5
femme,23,1.62,68,régulier,3,5,4
homme,53,1.89,79,occasionnel,1,4,4
homme,39,1.8,78,occasionnel,1,4,3
homme,29,1.79,63,régulier,3,3,3
femme,31,1.69,76,régulier,2,3,5
homme,30,1.62,77,occasionnel,2,5,5
femme,24,1.66,61,occasionnel,2,4,3
homme,38,1.72,55,occasionnel,0,4,2
femme,40,1.67,65,aguerri,4,2,6
femme,31,1.66,55,régulier,3,4,4
femme,36,1.6,69,régulier,2,3,4
homme,21,1.79,89,occasionnel,0,6,2
femme,36,1.62,68,occasionnel,1,5,1
femme,28,1.66,55,aguerri,5,3,5
homme,24,1.78,78,aguerri,6,3,6
homme,46,1.68,63,occasionnel,1,3,3
femme,29,1.66,67,régulier,3,6,5
femme,27,1.64,59,régulier,3,3,3
homme,20,1.84,81,occasionnel,1,5,3
homme,31,1.81,83,occasionnel,2,3,2
homme,20,1.84,88,occasionnel,2,3,3
femme,44,1.63,62,occasionnel,1,3,3
homme,43,1.77,82,occasionnel,2,6,3
homme,20,1.73,79,régulier,4,3,5
homme,52,1.88,65,aguerri,6,1,5
homme,26,1.81,82,régulier,3,3,5
homme,27,1.72,79,occasionnel,2,5,3
homme,53,1.76,73,occasionnel,2,5,3
homme,31,1.73,78,régulier,5,3,6
femme,42,1.62,49,occasionnel,1,6,2
homme,23,1.71,77,occasionnel,1,2,3
femme,28,1.56,62,aguerri,5,2,5
femme,39,1.6,73,occasionnel,0,5,3
homme,19,1.86,83,occasionnel,1,4,5
femme,44,1.62,60,régulier,4,4,4
femme,54,1.59,62,régulier,2,5,5
femme,25,1.58,67,occasionnel,1,6,4
homme,40,1.83,81,occasionnel,3,3,3
homme,18,1.7,61,occasionnel,2,3,4
homme,28,1.91,87,aguerri,6,2,5
femme,43,1.78,87,aguerri,3,3,4
femme,54,1.61,58,occasionnel,1,5,4
femme,35,1.65,53,aguerri,5,1,3
homme,39,1.72,62,régulier,6,4,5
femme,30,1.72,70,aguerri,5,1,4
femme,25,1.69,71,occasionnel,2,5,2
homme,24,1.88,97,régulier,3,4,6
homme,36,1.7,69,occasionnel,3,4,3
homme,38,1.73,61,occasionnel,3,4,4
femme,25,1.72,75,aguerri,5,3,5
homme,34,1.73,80,aguerri,5,1,7
femme,27,1.68,79,aguerri,5,3,5
homme,53,1.69,75,aguerri,9,2,6
homme,48,1.8,87,régulier,4,3,3
homme,27,1.86,100,occasionnel,2,4,3
femme,44,1.68,75,occasionnel,1,4,2
femme,48,1.67,67,occasionnel,2,6,4
femme,35,1.69,77,occasionnel,0,8,3
homme,49,1.71,60,occasionnel,2,5,3
homme,20,1.81,79,occasionnel,2,4,3
homme,18,1.68,72,occasionnel,1,5,2
femme,44,1.62,66,aguerri,4,4,5
femme,35,1.76,80,régulier,2,3,4
homme,27,1.85,86,occasionnel,1,4,4
femme,33,1.64,64,aguerri,5,3,6
femme,33,1.57,68,occasionnel,1,4,4
femme,35,1.67,78,régulier,2,4,4
homme,54,1.86,82,régulier,5,3,3
homme,36,1.85,70,occasionnel,1,4,2
femme,51,1.73,82,aguerri,4,3,5
femme,35,1.63,59,occasionnel,1,4,2
femme,30,1.76,88,aguerri,3,2,8
femme,45,1.7,75,occasionnel,1,8,2
homme,34,1.74,57,régulier,4,2,4
femme,54,1.53,54,régulier,3,5,6
femme,28,1.72,72,aguerri,4,3,7
femme,53,1.76,66,occasionnel,0,4,2
homme,33,1.72,95,régulier,3,3,5
femme,27,1.74,74,occasionnel,1,5,4
homme,30,1.82,81,occasionnel,2,5,4
homme,52,1.76,60,occasionnel,3,4,2
femme,36,1.62,65,régulier,3,3,4
femme,43,1.74,65,régulier,2,2,6
femme,49,1.63,58,occasionnel,2,5,3
femme,30,1.69,67,occasionnel,1,6,2
femme,29,1.71,72,occasionnel,1,4,4
homme,32,1.79,94,occasionnel,1,5,4
homme,26,1.8,94,occasionnel,1,4,5
femme,21,1.68,77,occasionnel,0,5,4
femme,42,1.77,72,régulier,4,3,4
homme,45,1.84,83,régulier,4,2,4
femme,30,1.74,56,régulier,3,3,3
homme,36,1.77,88,régulier,5,2,7
femme,39,1.65,68,occasionnel,2,5,3
homme,48,1.81,75,occasionnel,2,5,4
homme,40,1.85,81,régulier,5,2,5
homme,53,1.73,70,régulier,4,4,4
homme,29,1.72,73,occasionnel,2,6,3
femme,27,1.68,62,occasionnel,1,4,3
femme,22,1.72,63,régulier,4,5,5
homme,32,1.69,70,occasionnel,3,4,3
femme,37,1.67,72,occasionnel,0,5,4
homme,32,1.83,76,régulier,3,1,5
femme,47,1.68,80,occasionnel,0,6,3
homme,19,1.73,64,régulier,4,2,7
homme,50,1.86,75,aguerri,8,2,6
homme,26,1.83,100,régulier,3,4,3
femme,29,1.73,78,occasionnel,1,6,2
femme,47,1.63,63,occasionnel,1,5,4
homme,31,1.72,88,régulier,3,3,7
femme,49,1.68,82,régulier,2,6,6
homme,50,1.86,102,occasionnel,2,4,1
homme,22,1.79,77,aguerri,7,2,6
femme,28,1.67,86,aguerri,6,3,8
femme,48,1.74,70,aguerri,3,1,7
femme,45,1.75,78,régulier,2,2,4
femme,51,1.75,84,occasionnel,1,5,3
homme,21,1.84,87,occasionnel,1,5,2
homme,54,1.84,73,aguerri,8,1,5
femme,23,1.63,57,aguerri,6,1,5
homme,45,1.94,87,régulier,5,1,6
femme,24,1.74,86,aguerri,6,2,6
homme,30,1.81,78,régulier,3,4,4
femme,21,1.6,63,régulier,5,3,5
homme,52,1.73,73,occasionnel,2,3,2
femme,20,1.61,74,occasionnel,1,6,4
homme,43,1.74,75,régulier,3,2,4
homme,48,1.75,72,régulier,4,2,4
homme,23,1.69,58,occasionnel,1,4,3
femme,35,1.76,87,occasionnel,1,4,4
homme,37,1.79,62,régulier,4,3,6
homme,38,1.67,76,occasionnel,2,4,4
homme,46,1.73,87,aguerri,6,1,7
femme,28,1.64,68,régulier,3,4,5
homme,29,1.78,73,occasionnel,2,4,2
femme,49,1.55,59,occasionnel,1,7,3
femme,27,1.59,63,aguerri,3,3,5
femme,35,1.72,68,régulier,3,2,4
femme,33,1.66,57,occasionnel,1,4,2
homme,28,1.76,83,aguerri,8,1,7
femme,25,1.76,84,régulier,2,4,5
homme,31,1.82,77,aguerri,7,2,4
homme,26,1.74,80,occasionnel,1,4,3
femme,49,1.63,66,occasionnel,1,7,4
homme,38,1.74,68,régulier,5,3,3
femme,46,1.7,70,régulier,3,3,4
homme,35,1.68,69,occasionnel,2,4,3
homme,45,1.76,81,régulier,4,3,5
femme,43,1.67,86,occasionnel,1,4,4
homme,20,1.75,80,régulier,4,3,6
femme,32,1.71,72,régulier,2,3,4
femme,38,1.7,70,aguerri,3,3,5
homme,37,1.79,83,régulier,6,4,3
femme,23,1.6,72,régulier,2,3,6
femme,43,1.67,75,occasionnel,2,6,3
femme,45,1.67,57,aguerri,4,3,7
femme,19,1.67,59,régulier,4,4,5
femme,26,1.73,65,occasionnel,1,3,2
homme,45,1.68,66,occasionnel,1,5,4
homme,44,1.86,90,occasionnel,2,5,4
homme,54,1.73,68,aguerri,8,1,7
homme,32,1.74,70,occasionnel,1,6,2
homme,38,1.81,73,aguerri,5,2,6
femme,54,1.5,72,aguerri,4,3,6
femme,52,1.67,69,régulier,3,5,4
femme,39,1.55,54,occasionnel,0,4,4
femme,41,1.74,87,occasionnel,0,5,4
homme,48,1.6,53,régulier,5,2,6
femme,35,1.57,62,régulier,3,2,5
femme,21,1.71,80,régulier,3,3,5
homme,30,1.71,64,aguerri,4,3,6
femme,29,1.68,64,régulier,5,4,5
femme,26,1.56,62,occasionnel,1,4,5
femme,39,1.58,65,régulier,3,3,4
femme,42,1.66,70,régulier,2,3,4
homme,50,1.89,84,occasionnel,1,4,4
femme,50,1.66,69,occasionnel,1,6,4
femme,41,1.7,66,aguerri,3,5,7
femme,45,1.67,71,régulier,2,4,3
homme,46,1.64,69,régulier,4,4,5
homme,39,1.78,79,aguerri,9,2,5
homme,25,1.84,80,occasionnel,2,4,1
homme,22,1.81,84,occasionnel,0,4,5
homme,29,1.77,58,aguerri,6,3,5
homme,35,1.8,62,aguerri,8,2,4
femme,21,1.7,64,aguerri,3,3,6
femme,38,1.57,74,régulier,2,5,4
homme,29,1.87,67,régulier,5,3,3
femme,42,1.67,71,régulier,3,3,4
femme,20,1.69,53,occasionnel,1,3,3
femme,41,1.63,59,régulier,2,6,5
femme,20,1.6,57,régulier,2,3,5
homme,41,1.81,67,régulier,5,3,3
homme,32,1.84,89,aguerri,4,2,6
homme,46,1.87,93,occasionnel,1,3,2
femme,28,1.57,67,régulier,3,3,5
femme,34,1.67,68,régulier,3,3,3
homme,36,1.78,85,occasionnel,1,5,5
homme,26,1.95,90,occasionnel,1,4,2
homme,37,1.83,78,occasionnel,2,3,3
femme,35,1.63,61,régulier,3,4,7
femme,37,1.61,65,régulier,2,2,3
homme,49,1.67,73,régulier,6,4,5
femme,36,1.58,55,régulier,3,4,5
homme,37,1.77,82,aguerri,8,3,5
femme,49,1.65,77,régulier,3,5,4
femme,26,1.57,55,régulier,4,4,6
homme,32,1.89,92,occasionnel,2,4,3
femme,28,1.64,52,aguerri,7,3,4
femme,34,1.65,65,occasionnel,1,6,3
femme,24,1.63,65,aguerri,5,1,7
homme,42,1.85,77,occasionnel,1,4,5
femme,53,1.75,87,régulier,3,3,3
homme,47,1.93,93,occasionnel,1,4,5
femme,34,1.66,64,régulier,2,5,4
homme,37,1.66,63,régulier,3,4,3
femme,44,1.65,72,régulier,3,2,6
femme,35,1.73,79,régulier,4,3,7
homme,47,1.68,59,régulier,4,3,6
homme,34,1.91,87,occasionnel,1,3,5
femme,42,1.68,70,aguerri,4,3,3
homme,32,1.73,66,occasionnel,1,4,3
femme,43,1.64,59,régulier,2,3,5
femme,53,1.7,62,aguerri,4,2,5
femme,25,1.67,59,occasionnel,2,6,4
femme,26,1.66,60,régulier,4,4,3
femme,22,1.62,73,occasionnel,0,5,5
homme,26,1.76,86,régulier,3,5,5
homme,18,1.72,86,aguerri,6,2,9
femme,37,1.63,72,régulier,1,5,5
homme,35,1.77,78,occasionnel,2,3,2
homme,33,1.87,91,régulier,3,4,5
femme,30,1.62,61,occasionnel,1,6,3
homme,42,1.88,80,occasionnel,3,6,4
femme,46,1.77,70,occasionnel,1,3,2
homme,27,1.8,82,aguerri,6,2,5
femme,30,1.7,79,aguerri,5,2,5
homme,35,1.8,81,aguerri,6,1,7
homme,28,1.74,68,aguerri,6,1,7
femme,36,1.71,68,régulier,1,6,4
homme,48,1.83,101,occasionnel,1,5,5
femme,46,1.62,60,aguerri,5,1,5
femme,39,1.53,54,régulier,3,3,4
homme,45,1.84,97,régulier,4,3,3
femme,52,1.67,65,régulier,3,3,4
femme,29,1.7,58,occasionnel,0,3,4
homme,37,1.78,87,aguerri,7,3,6
femme,25,1.68,69,régulier,4,5,6
homme,22,1.72,55,aguerri,4,1,7
femme,26,1.62,49,occasionnel,1,6,4
homme,45,1.71,69,régulier,3,3,5
homme,37,1.76,85,régulier,5,5,5
femme,47,1.64,53,aguerri,6,3,6
homme,40,1.78,92,régulier,6,4,3
homme,53,1.81,96,aguerri,7,1,4
femme,36,1.57,57,occasionnel,2,5,4
femme,50,1.6,48,régulier,3,4,4
femme,18,1.68,75,aguerri,5,3,10
homme,30,1.69,72,aguerri,5,2,6
femme,32,1.58,66,occasionnel,1,7,3
homme,29,1.77,80,régulier,4,3,3
homme,30,1.62,64,régulier,5,4,5
femme,44,1.58,55,occasionnel,1,4,3
homme,51,1.82,86,régulier,3,4,6
homme,36,1.84,69,régulier,4,3,4
homme,41,1.82,89,régulier,4,4,6
femme,40,1.55,52,occasionnel,1,5,3
femme,29,1.69,63,occasionnel,1,5,3
femme,34,1.75,90,occasionnel,1,4,4
femme,20,1.7,75,régulier,2,4,6
femme,34,1.54,50,régulier,2,4,4
femme,22,1.65,56,aguerri,5,2,8
homme,26,1.77,75,aguerri,4,2,6
femme,23,1.72,62,régulier,4,3,4
femme,33,1.66,68,régulier,3,5,5
homme,38,1.73,80,occasionnel,0,5,3
femme,20,1.64,76,occasionnel,1,3,3
homme,28,1.81,70,aguerri,7,3,5
femme,26,1.62,74,régulier,3,3,3
homme,26,1.8,87,aguerri,8,3,5
femme,54,1.62,55,occasionnel,1,3,2
femme,23,1.64,64,occasionnel,1,7,4
femme,51,1.67,62,régulier,3,6,5
femme,39,1.66,63,régulier,3,5,3
femme,36,1.67,60,occasionnel,2,7,3
femme,38,1.72,65,régulier,3,3,5
femme,30,1.64,61,aguerri,4,2,4
